{"type":"FeatureCollection","features":[{"type":"Feature","bbox":[64.48,-23.6,64.48,-23.6],"geometry":{"type":"Point","coordinates":[64.48,-23.6]},"properties":{"eventtype":"TC","eventid":1001041,"episodeid":14,"eventname":"BELAL-24","glide":"","name":"Tropical Cyclone BELAL-24","description":"Tropical Cyclone BELAL-24","htmldescription":"Orange Tropical Cyclone BELAL-24 in Miscellaneous (French) Indian Ocean Islands, Mauritius, Madagascar from: 12 Jan 2024  to: 19 Jan 2024 .","icon":"https://www.gdacs.org/images/gdacs_icons/maps/Green/TC.png","iconoverall":"https://www.gdacs.org/images/gdacs_icons/maps/Orange/TC.png","url":{"geometry":"https://www.gdacs.org/gdacsapi/api/polygons/getgeometry?eventtype=TC&eventid=1001041&episodeid=14","report":"https://www.gdacs.org/report.aspx?eventid=1001041&episodeid=14&eventtype=TC","details":"https://www.gdacs.org/gdacsapi/api/events/geteventdata?eventtype=TC&eventid=1001041"},"alertlevel":"Orange","alertscore":2,"episodealertlevel":"Green","episodealertscore":1.0,"istemporary":"false","iscurrent":"false","country":"Miscellaneous (French) Indian Ocean Islands, Mauritius, Madagascar","fromdate":"2024-01-12T16:00:00","todate":"2024-01-19T04:00:00","datemodified":"2024-05-03T10:03:15","iso3":"REU","source":"RSMC","sourceid":"","polygonlabel":"Centroid","Class":"Point_Centroid","countryonland":"Miscellaneous (French) Indian Ocean Islands","affectedcountries":[{"iso2":"MU","iso3":"MUS","countryname":"Mauritius"},{"iso2":"MG","iso3":"MDG","countryname":"Madagascar"}],"severitydata":{"severity":158.33232,"severitytext":"Remnant Low (maximum wind speed of 158 km/h)","severityunit":"km/h"}}},{"type":"Feature","bbox":[56.49,-13.36,56.55,-13.3],"geometry":{"type":"Polygon","coordinates":[[[56.52,-13.36],[56.5215,-13.36],[56.5229,-13.3599],[56.5244,-13.3597],[56.5259,-13.3594],[56.5273,-13.3591],[56.5287,-13.3587],[56.5301,-13.3582],[56.5315,-13.3577],[56.5328,-13.3571],[56.5341,-13.3565],[56.5354,-13.3557],[56.5367,-13.3549],[56.5379,-13.3541],[56.539,-13.3532],[56.5401,-13.3522],[56.5412,-13.3512],[56.5422,-13.3501],[56.5432,-13.349],[56.5441,-13.3479],[56.5449,-13.3467],[56.5457,-13.3454],[56.5465,-13.3441],[56.5471,-13.3428],[56.5477,-13.3415],[56.5482,-13.3401],[56.5487,-13.3387],[56.5491,-13.3373],[56.5494,-13.3359],[56.5497,-13.3344],[56.5499,-13.3329],[56.55,-13.3315],[56.55,-13.33],[56.55,-13.3285],[56.5499,-13.3271],[56.5497,-13.3256],[56.5494,-13.3241],[56.5491,-13.3227],[56.5487,-13.3213],[56.5482,-13.3199],[56.5477,-13.3185],[56.5471,-13.3172],[56.5465,-13.3159],[56.5457,-13.3146],[56.5449,-13.3133],[56.5441,-13.3121],[56.5432,-13.311],[56.5422,-13.3099],[56.5412,-13.3088],[56.5401,-13.3078],[56.539,-13.3068],[56.5379,-13.3059],[56.5367,-13.3051],[56.5354,-13.3043],[56.5341,-13.3035],[56.5328,-13.3029],[56.5315,-13.3023],[56.5301,-13.3018],[56.5287,-13.3013],[56.5273,-13.3009],[56.5259,-13.3006],[56.5244,-13.3003],[56.5229,-13.3001],[56.5215,-13.3],[56.52,-13.3],[56.5185,-13.3],[56.5171,-13.3001],[56.5156,-13.3003],[56.5141,-13.3006],[56.5127,-13.3009],[56.5113,-13.3013],[56.5099,-13.3018],[56.5085,-13.3023],[56.5072,-13.3029],[56.5059,-13.3035],[56.5046,-13.3043],[56.5033,-13.3051],[56.5021,-13.3059],[56.501,-13.3068],[56.4999,-13.3078],[56.4988,-13.3088],[56.4978,-13.3099],[56.4968,-13.311],[56.4959,-13.3121],[56.4951,-13.3133],[56.4943,-13.3146],[56.4935,-13.3159],[56.4929,-13.3172],[56.4923,-13.3185],[56.4918,-13.3199],[56.4913,-13.3213],[56.4909,-13.3227],[56.4906,-13.3241],[56.4903,-13.3256],[56.4901,-13.3271],[56.49,-13.3285],[56.49,-13.33],[56.49,-13.3315],[56.4901,-13.3329],[56.4903,-13.3344],[56.4906,-13.3359],[56.4909,-13.3373],[56.4913,-13.3387],[56.4918,-13.3401],[56.4923,-13.3415],[56.4929,-13.3428],[56.4935,-13.3441],[56.4943,-13.3454],[56.4951,-13.3467],[56.4959,-13.3479],[56.4968,-13.349],[56.4978,-13.3501],[56.4988,-13.3512],[56.4999,-13.3522],[56.501,-13.3532],[56.5021,-13.3541],[56.5033,-13.3549],[56.5046,-13.3557],[56.5059,-13.3565],[56.5072,-13.3571],[56.5085,-13.3577],[56.5099,-13.3582],[56.5113,-13.3587],[56.5127,-13.3591],[56.5141,-13.3594],[56.5156,-13.3597],[56.5171,-13.3599],[56.5185,-13.36],[56.52,-13.36]]]},"properties":{"eventtype":"TC","eventid":1001041,"episodeid":14,"eventname":"BELAL-24","glide":"","name":"Tropical Cyclone BELAL-24","description":"Tropical Cyclone BELAL-24","htmldescription":"Orange Tropical Cyclone BELAL-24 in Miscellaneous (French) Indian Ocean Islands, Mauritius, Madagascar from: 12 Jan 2024  to: 19 Jan 2024 .","icon":"https://www.gdacs.org/images/gdacs_icons/maps/Green/TC.png","iconoverall":"https://www.gdacs.org/images/gdacs_icons/maps/Orange/TC.png","url":{"geometry":"https://www.gdacs.org/gdacsapi/api/polygons/getgeometry?eventtype=TC&eventid=1001041&episodeid=14","report":"https://www.gdacs.org/report.aspx?eventid=1001041&episodeid=14&eventtype=TC","details":"https://www.gdacs.org/gdacsapi/api/events/geteventdata?eventtype=TC&eventid=1001041"},"alertlevel":"Orange","alertscore":2,"episodealertlevel":"Green","episodealertscore":1.0,"istemporary":"false","iscurrent":"false","country":"Miscellaneous (French) Indian Ocean Islands, Mauritius, Madagascar","fromdate":"2024-01-12T16:00:00","todate":"2024-01-19T04:00:00","datemodified":"2024-05-03T10:03:15","iso3":"REU","source":"RSMC","sourceid":"","polygondate":"2024-01-15T22:00:00","polygonlabel":"12/01 16:00 UTC","countryonland":"Miscellaneous (French) Indian Ocean Islands","affectedcountries":[{"iso2":"MU","iso3":"MUS","countryname":"Mauritius"},{"iso2":"MG","iso3":"MDG","countryname":"Madagascar"}],"severitydata":{"severity":158.33232,"severitytext":"Remnant Low (maximum wind speed of 158 km/h)","severityunit":"km/h"},"featuretype":"PointRadii","key":"01121600","Class":"Point_Polygon_Point_0","iconeventlink":"https://www.gdacs.org/images/gdacs_icons/maps/Green/TC.png","iconitemlink":"https://www.gdacs.org/images/gdacs_icons/maps/Green/TC.png"}},{"type":"Feature","bbox":[56.36,-13.89,56.42,-13.83],"geometry":{"type":"Polygon","coordinates":[[[56.39,-13.89],[56.3915,-13.89],[56.3929,-13.8899],[56.3944,-13.8897],[56.3959,-13.8894],[56.3973,-13.8891],[56.3987,-13.8887],[56.4001,-13.8882],[56.4015,-13.8877],[56.4028,-13.8871],[56.4041,-13.8865],[56.4054,-13.8857],[56.4067,-13.8849],[56.4079,-13.8841],[56.409,-13.8832],[56.4101,-13.8822],[56.4112,-13.8812],[56.4122,-13.8801],[56.4132,-13.879],[56.4141,-13.8779],[56.4149,-13.8767],[56.4157,-13.8754],[56.4165,-13.8741],[56.4171,-13.8728],[56.4177,-13.8715],[56.4182,-13.8701],[56.4187,-13.8687],[56.4191,-13.8673],[56.4194,-13.8659],[56.4197,-13.8644],[56.4199,-13.8629],[56.42,-13.8615],[56.42,-13.86],[56.42,-13.8585],[56.4199,-13.8571],[56.4197,-13.8556],[56.4194,-13.8541],[56.4191,-13.8527],[56.4187,-13.8513],[56.4182,-13.8499],[56.4177,-13.8485],[56.4171,-13.8472],[56.4165,-13.8459],[56.4157,-13.8446],[56.4149,-13.8433],[56.4141,-13.8421],[56.4132,-13.841],[56.4122,-13.8399],[56.4112,-13.8388],[56.4101,-13.8378],[56.409,-13.8368],[56.4079,-13.8359],[56.4067,-13.8351],[56.4054,-13.8343],[56.4041,-13.8335],[56.4028,-13.8329],[56.4015,-13.8323],[56.4001,-13.8318],[56.3987,-13.8313],[56.3973,-13.8309],[56.3959,-13.8306],[56.3944,-13.8303],[56.3929,-13.8301],[56.3915,-13.83],[56.39,-13.83],[56.3885,-13.83],[56.3871,-13.8301],[56.3856,-13.8303],[56.3841,-13.8306],[56.3827,-13.8309],[56.3813,-13.8313],[56.3799,-13.8318],[56.3785,-13.8323],[56.3772,-13.8329],[56.3759,-13.8335],[56.3746,-13.8343],[56.3733,-13.8351],[56.3721,-13.8359],[56.371,-13.8368],[56.3699,-13.8378],[56.3688,-13.8388],[56.3678,-13.8399],[56.3668,-13.841],[56.3659,-13.8421],[56.3651,-13.8433],[56.3643,-13.8446],[56.3635,-13.8459],[56.3629,-13.8472],[56.3623,-13.8485],[56.3618,-13.8499],[56.3613,-13.8513],[56.3609,-13.8527],[56.3606,-13.8541],[56.3603,-13.8556],[56.3601,-13.8571],[56.36,-13.8585],[56.36,-13.86],[56.36,-13.8615],[56.3601,-13.8629],[56.3603,-13.8644],[56.3606,-13.8659],[56.3609,-13.8673],[56.3613,-13.8687],[56.3618,-13.8701],[56.3623,-13.8715],[56.3629,-13.8728],[56.3635,-13.8741],[56.3643,-13.8754],[56.3651,-13.8767],[56.3659,-13.8779],[56.3668,-13.879],[56.3678,-13.8801],[56.3688,-13.8812],[56.3699,-13.8822],[56.371,-13.8832],[56.3721,-13.8841],[56.3733,-13.8849],[56.3746,-13.8857],[56.3759,-13.8865],[56.3772,-13.8871],[56.3785,-13.8877],[56.3799,-13.8882],[56.3813,-13.8887],[56.3827,-13.8891],[56.3841,-13.8894],[56.3856,-13.8897],[56.3871,-13.8899],[56.3885,-13.89],[56.39,-13.89]]]},"properties":{"eventtype":"TC","eventid":1001041,"episodeid":14,"eventname":"BELAL-24","glide":"","name":"Tropical Cyclone BELAL-24","description":"Tropical Cyclone BELAL-24","htmldescription":"Orange Tropical Cyclone BELAL-24 in Miscellaneous (French) Indian Ocean Islands, Mauritius, Madagascar from: 12 Jan 2024  to: 19 Jan 2024 .","icon":"https://www.gdacs.org/images/gdacs_icons/maps/Green/TC.png","iconoverall":"https://www.gdacs.org/images/gdacs_icons/maps/Orange/TC.png","url":{"geometry":"https://www.gdacs.org/gdacsapi/api/polygons/getgeometry?eventtype=TC&eventid=1001041&episodeid=14","report":"https://www.gdacs.org/report.aspx?eventid=1001041&episodeid=14&eventtype=TC","details":"https://www.gdacs.org/gdacsapi/api/events/geteventdata?eventtype=TC&eventid=1001041"},"alertlevel":"Orange","alertscore":2,"episodealertlevel":"Green","episodealertscore":1.0,"istemporary":"false","iscurrent":"false","country":"Miscellaneous (French) Indian Ocean Islands, Mauritius, Madagascar","fromdate":"2024-01-12T16:00:00","todate":"2024-01-19T04:00:00","datemodified":"2024-05-03T10:03:15","iso3":"REU","source":"RSMC","sourceid":"","polygondate":"2024-01-15T22:00:00","polygonlabel":"12/01 22:00 UTC","countryonland":"Miscellaneous (French) Indian Ocean Islands","affectedcountries":[{"iso2":"MU","iso3":"MUS","countryname":"Mauritius"},{"iso2":"MG","iso3":"MDG","countryname":"Madagascar"}],"severitydata":{"severity":158.33232,"severitytext":"Remnant Low (maximum wind speed of 158 km/h)","severityunit":"km/h"},"featuretype":"PointRadii","key":"01122200","Class":"Point_Polygon_Point_1","iconeventlink":"https://www.gdacs.org/images/gdacs_icons/maps/Green/TC.png","iconitemlink":"https://www.gdacs.org/images/gdacs_icons/maps/Green/TC.png"}},{"type":"Feature","bbox":[52.4885,-23.556,62.3903,-17.64],"geometry":{"type":"Polygon","coordinates":[[[59.97,-23.556],[60.002,-23.5555],[61.5793,-23.5045],[61.6086,-23.5031],[61.6378,-23.5008],[61.6669,-23.4975],[61.6959,-23.4932],[61.7247,-23.4881],[61.7533,-23.482],[61.7816,-23.475],[61.8097,-23.4671],[61.8374,-23.4583],[61.8648,-23.4486],[61.8918,-23.438],[61.9183,-23.4266],[61.9445,-23.4143],[61.9701,-23.4012],[61.9953,-23.3872],[62.0199,-23.3725],[62.0439,-23.357],[62.0673,-23.3407],[62.0901,-23.3237],[62.1122,-23.3059],[62.1337,-23.2875],[62.1544,-23.2684],[62.1744,-23.2486],[62.1937,-23.2282],[62.2121,-23.2071],[62.2298,-23.1855],[62.2466,-23.1634],[62.2626,-23.1407],[62.2777,-23.1175],[62.2919,-23.0938],[62.3052,-23.0697],[62.3176,-23.0452],[62.3291,-23.0203],[62.3396,-22.9951],[62.3491,-22.9695],[62.3577,-22.9436],[62.3653,-22.9175],[62.3719,-22.8911],[62.3775,-22.8646],[62.3821,-22.8379],[62.3857,-22.811],[62.3882,-22.7841],[62.3897,-22.757],[62.3903,-22.73],[62.3897,-22.703],[62.3882,-22.6759],[62.3857,-22.649],[62.3821,-22.6221],[62.3775,-22.5954],[62.3719,-22.5689],[62.3653,-22.5425],[62.3577,-22.5164],[62.3491,-22.4905],[62.3396,-22.4649],[62.3291,-22.4397],[62.3176,-22.4148],[62.3052,-22.3903],[62.2919,-22.3662],[62.2777,-22.3425],[62.2626,-22.3193],[62.2466,-22.2966],[62.2298,-22.2745],[62.2121,-22.2529],[62.1937,-22.2318],[62.1744,-22.2114],[62.1544,-22.1916],[62.1337,-22.1725],[62.1122,-22.1541],[62.0901,-22.1363],[62.0673,-22.1193],[62.0439,-22.103],[62.0199,-22.0875],[61.9953,-22.0728],[61.9701,-22.0588],[61.9445,-22.0457],[61.9183,-22.0334],[61.8918,-22.022],[61.8648,-22.0114],[61.8374,-22.0017],[61.8097,-21.9929],[61.7816,-21.985],[61.7533,-21.978],[61.7247,-21.9719],[61.6959,-21.9668],[61.6669,-21.9625],[61.6378,-21.9592],[61.6086,-21.9569],[60.1203,-21.871],[58.3179,-21.4184],[57.3074,-20.923],[57.2791,-20.9096],[57.2503,-20.8971],[56.5337,-20.6066],[56.0888,-20.1564],[56.0655,-20.133],[56.0413,-20.1104],[56.0162,-20.0885],[55.9904,-20.0675],[55.9638,-20.0474],[55.9365,-20.0281],[55.1035,-19.4725],[54.7778,-19.161],[54.745,-19.1301],[54.711,-19.1003],[54.6759,-19.0717],[54.6398,-19.0442],[54.6027,-19.0179],[54.5646,-18.9929],[54.5256,-18.9691],[54.4858,-18.9466],[54.4451,-18.9254],[54.4037,-18.9056],[54.3616,-18.8872],[54.3188,-18.8701],[54.2754,-18.8544],[54.2327,-18.8406],[54.276,-18.4684],[54.2784,-18.4423],[54.2799,-18.4162],[54.2804,-18.39],[54.2799,-18.3638],[54.2784,-18.3377],[54.276,-18.3116],[54.2727,-18.2856],[54.2684,-18.2598],[54.2631,-18.2341],[54.2569,-18.2086],[54.2497,-18.1833],[54.2417,-18.1582],[54.2327,-18.1335],[54.2228,-18.109],[54.212,-18.0849],[54.2004,-18.0612],[54.1878,-18.0379],[54.1745,-18.015],[54.1603,-17.9926],[54.1452,-17.9706],[54.1294,-17.9492],[54.1128,-17.9283],[54.0955,-17.9079],[54.0774,-17.8882],[54.0585,-17.869],[54.039,-17.8505],[54.0189,-17.8326],[53.998,-17.8155],[53.9766,-17.799],[53.9546,-17.7832],[53.932,-17.7682],[53.9088,-17.754],[53.8852,-17.7405],[53.8611,-17.7278],[53.8365,-17.7159],[53.8115,-17.7048],[53.7861,-17.6946],[53.7603,-17.6852],[53.7342,-17.6767],[53.7079,-17.6691],[53.6812,-17.6623],[53.6543,-17.6564],[53.6272,-17.6514],[53.6,-17.6473],[53.5726,-17.6441],[53.5451,-17.6418],[53.5176,-17.6405],[53.49,-17.64],[53.4624,-17.6405],[53.4349,-17.6418],[53.4074,-17.6441],[53.38,-17.6473],[53.3528,-17.6514],[53.3257,-17.6564],[53.2988,-17.6623],[53.2721,-17.6691],[53.2458,-17.6767],[53.2197,-17.6852],[53.1939,-17.6946],[53.1685,-17.7048],[53.1435,-17.7159],[53.1189,-17.7278],[53.0948,-17.7405],[53.0712,-17.754],[53.048,-17.7682],[53.0254,-17.7832],[53.0034,-17.799],[52.982,-17.8155],[52.9611,-17.8326],[52.941,-17.8505],[52.9215,-17.869],[52.9026,-17.8882],[52.8845,-17.9079],[52.8672,-17.9283],[52.8506,-17.9492],[52.8348,-17.9706],[52.8197,-17.9926],[52.8055,-18.015],[52.7922,-18.0379],[52.7796,-18.0612],[52.768,-18.0849],[52.7572,-18.109],[52.7473,-18.1335],[52.7383,-18.1582],[52.7303,-18.1833],[52.7231,-18.2086],[52.7169,-18.2341],[52.7116,-18.2598],[52.7073,-18.2856],[52.704,-18.3116],[52.6209,-18.9716],[52.6185,-18.9977],[52.617,-19.0238],[52.6165,-19.05],[52.617,-19.0762],[52.6185,-19.1023],[52.6209,-19.1284],[52.6243,-19.1544],[52.6286,-19.1802],[52.6339,-19.2059],[52.6401,-19.2314],[52.6812,-19.382],[52.6669,-19.4045],[52.6443,-19.4427],[52.6232,-19.4816],[52.6036,-19.5212],[52.5854,-19.5614],[52.5688,-19.6021],[52.5536,-19.6434],[52.54,-19.6852],[52.528,-19.7274],[52.5176,-19.7699],[52.5087,-19.8128],[52.5014,-19.8559],[52.4958,-19.8992],[52.4917,-19.9427],[52.4893,-19.9863],[52.4885,-20.03],[52.4893,-20.0737],[52.4917,-20.1173],[52.4958,-20.1608],[52.5014,-20.2041],[52.5087,-20.2472],[52.5176,-20.2901],[52.528,-20.3326],[52.54,-20.3748],[52.5536,-20.4166],[52.5688,-20.4579],[52.5854,-20.4986],[52.6036,-20.5388],[52.6232,-20.5784],[52.6443,-20.6173],[52.6669,-20.6555],[52.6908,-20.6929],[52.7161,-20.7296],[52.7428,-20.7653],[52.7707,-20.8002],[52.8,-20.8341],[52.8305,-20.8671],[52.8622,-20.899],[52.895,-20.9299],[52.929,-20.9597],[52.9641,-20.9883],[53.0002,-21.0158],[53.0373,-21.0421],[53.0754,-21.0671],[53.1144,-21.0909],[53.1542,-21.1134],[53.1949,-21.1346],[53.2363,-21.1544],[53.2784,-21.1728],[53.3212,-21.1899],[53.3646,-21.2056],[53.4085,-21.2198],[53.453,-21.2325],[53.4979,-21.2438],[53.5432,-21.2537],[54.0636,-21.3516],[54.8149,-21.5713],[55.2182,-21.9836],[55.2417,-22.007],[55.266,-22.0296],[55.2911,-22.0515],[55.317,-22.0725],[55.3438,-22.0926],[55.3712,-22.1119],[55.3994,-22.1302],[55.4282,-22.1477],[55.4576,-22.1641],[55.4877,-22.1797],[55.5183,-22.1942],[55.5495,-22.2077],[55.5811,-22.2202],[55.6132,-22.2317],[55.6457,-22.2421],[55.6786,-22.2515],[55.7118,-22.2598],[56.547,-22.4634],[57.551,-22.957],[57.5794,-22.9704],[57.6083,-22.9829],[57.6377,-22.9944],[57.6675,-23.005],[57.6976,-23.0146],[57.7281,-23.0232],[59.7172,-23.5232],[59.7481,-23.5309],[59.7793,-23.5375],[59.8107,-23.5431],[59.8424,-23.5478],[59.8741,-23.5514],[59.906,-23.5539],[59.938,-23.5555],[59.97,-23.556]]]},"properties":{"eventtype":"TC","eventid":1001041,"episodeid":14,"eventname":"BELAL-24","glide":"","name":"Tropical Cyclone BELAL-24","description":"Tropical Cyclone BELAL-24","htmldescription":"Orange Tropical Cyclone BELAL-24 in Miscellaneous (French) Indian Ocean Islands, Mauritius, Madagascar from: 12 Jan 2024  to: 19 Jan 2024 .","icon":"https://www.gdacs.org/images/gdacs_icons/maps/Green/TC.png","iconoverall":"https://www.gdacs.org/images/gdacs_icons/maps/Orange/TC.png","url":{"geometry":"https://www.gdacs.org/gdacsapi/api/polygons/getgeometry?eventtype=TC&eventid=1001041&episodeid=14","report":"https://www.gdacs.org/report.aspx?eventid=1001041&episodeid=14&eventtype=TC","details":"https://www.gdacs.org/gdacsapi/api/events/geteventdata?eventtype=TC&eventid=1001041"},"alertlevel":"Orange","alertscore":2,"episodealertlevel":"Green","episodealertscore":1.0,"istemporary":"false","iscurrent":"false","country":"Miscellaneous (French) Indian Ocean Islands, Mauritius, Madagascar","fromdate":"2024-01-12T16:00:00","todate":"2024-01-19T04:00:00","datemodified":"2024-05-03T10:03:15","iso3":"REU","source":"RSMC","sourceid":"","polygondate":"2024-01-15T22:00:00","polygonlabel":"120 km/h","countryonland":"Miscellaneous (French) Indian Ocean Islands","affectedcountries":[{"iso2":"MU","iso3":"MUS","countryname":"Mauritius"},{"iso2":"MG","iso3":"MDG","countryname":"Madagascar"}],"severitydata":{"severity":158.33232,"severitytext":"Remnant Low (maximum wind speed of 158 km/h)","severityunit":"km/h"},"Class":"Poly_Red","iconeventlink":"https://www.gdacs.org/images/gdacs_icons/maps/Green/TC.png","iconitemlink":"https://www.gdacs.org/images/gdacs_icons/maps/Green/TC.png"}},{"type":"Feature","bbox":[55.95,-14.54,56.01,-14.48],"geometry":{"type":"Polygon","coordinates":[[[55.98,-14.54],[55.9815,-14.54],[55.9829,-14.5399],[55.9844,-14.5397],[55.9859,-14.5394],[55.9873,-14.5391],[55.9887,-14.5387],[55.9901,-14.5382],[55.9915,-14.5377],[55.9928,-14.5371],[55.9941,-14.5365],[55.9954,-14.5357],[55.9967,-14.5349],[55.9979,-14.5341],[55.999,-14.5332],[56.0001,-14.5322],[56.0012,-14.5312],[56.0022,-14.5301],[56.0032,-14.529],[56.0041,-14.5279],[56.0049,-14.5267],[56.0057,-14.5254],[56.0065,-14.5241],[56.0071,-14.5228],[56.0077,-14.5215],[56.0082,-14.5201],[56.0087,-14.5187],[56.0091,-14.5173],[56.0094,-14.5159],[56.0097,-14.5144],[56.0099,-14.5129],[56.01,-14.5115],[56.01,-14.51],[56.01,-14.5085],[56.0099,-14.5071],[56.0097,-14.5056],[56.0094,-14.5041],[56.0091,-14.5027],[56.0087,-14.5013],[56.0082,-14.4999],[56.0077,-14.4985],[56.0071,-14.4972],[56.0065,-14.4959],[56.0057,-14.4946],[56.0049,-14.4933],[56.0041,-14.4921],[56.0032,-14.491],[56.0022,-14.4899],[56.0012,-14.4888],[56.0001,-14.4878],[55.999,-14.4868],[55.9979,-14.4859],[55.9967,-14.4851],[55.9954,-14.4843],[55.9941,-14.4835],[55.9928,-14.4829],[55.9915,-14.4823],[55.9901,-14.4818],[55.9887,-14.4813],[55.9873,-14.4809],[55.9859,-14.4806],[55.9844,-14.4803],[55.9829,-14.4801],[55.9815,-14.48],[55.98,-14.48],[55.9785,-14.48],[55.9771,-14.4801],[55.9756,-14.4803],[55.9741,-14.4806],[55.9727,-14.4809],[55.9713,-14.4813],[55.9699,-14.4818],[55.9685,-14.4823],[55.9672,-14.4829],[55.9659,-14.4835],[55.9646,-14.4843],[55.9633,-14.4851],[55.9621,-14.4859],[55.961,-14.4868],[55.9599,-14.4878],[55.9588,-14.4888],[55.9578,-14.4899],[55.9568,-14.491],[55.9559,-14.4921],[55.9551,-14.4933],[55.9543,-14.4946],[55.9535,-14.4959],[55.9529,-14.4972],[55.9523,-14.4985],[55.9518,-14.4999],[55.9513,-14.5013],[55.9509,-14.5027],[55.9506,-14.5041],[55.9503,-14.5056],[55.9501,-14.5071],[55.95,-14.5085],[55.95,-14.51],[55.95,-14.5115],[55.9501,-14.5129],[55.9503,-14.5144],[55.9506,-14.5159],[55.9509,-14.5173],[55.9513,-14.5187],[55.9518,-14.5201],[55.9523,-14.5215],[55.9529,-14.5228],[55.9535,-14.5241],[55.9543,-14.5254],[55.9551,-14.5267],[55.9559,-14.5279],[55.9568,-14.529],[55.9578,-14.5301],[55.9588,-14.5312],[55.9599,-14.5322],[55.961,-14.5332],[55.9621,-14.5341],[55.9633,-14.5349],[55.9646,-14.5357],[55.9659,-14.5365],[55.9672,-14.5371],[55.9685,-14.5377],[55.9699,-14.5382],[55.9713,-14.5387],[55.9727,-14.5391],[55.9741,-14.5394],[55.9756,-14.5397],[55.9771,-14.5399],[55.9785,-14.54],[55.98,-14.54]]]},"properties":{"eventtype":"TC","eventid":1001041,"episodeid":14,"eventname":"BELAL-24","glide":"","name":"Tropical Cyclone BELAL-24","description":"Tropical Cyclone BELAL-24","htmldescription":"Orange Tropical Cyclone BELAL-24 in Miscellaneous (French) Indian Ocean Islands, Mauritius, Madagascar from: 12 Jan 2024  to: 19 Jan 2024 .","icon":"https://www.gdacs.org/images/gdacs_icons/maps/Green/TC.png","iconoverall":"https://www.gdacs.org/images/gdacs_icons/maps/Orange/TC.png","url":{"geometry":"https://www.gdacs.org/gdacsapi/api/polygons/getgeometry?eventtype=TC&eventid=1001041&episodeid=14","report":"https://www.gdacs.org/report.aspx?eventid=1001041&episodeid=14&eventtype=TC","details":"https://www.gdacs.org/gdacsapi/api/events/geteventdata?eventtype=TC&eventid=1001041"},"alertlevel":"Orange","alertscore":2,"episodealertlevel":"Green","episodealertscore":1.0,"istemporary":"false","iscurrent":"false","country":"Miscellaneous (French) Indian Ocean Islands, Mauritius, Madagascar","fromdate":"2024-01-12T16:00:00","todate":"2024-01-19T04:00:00","datemodified":"2024-05-03T10:03:15","iso3":"REU","source":"RSMC","sourceid":"","polygondate":"2024-01-15T22:00:00","polygonlabel":"13/01 04:00 UTC","countryonland":"Miscellaneous (French) Indian Ocean Islands","affectedcountries":[{"iso2":"MU","iso3":"MUS","countryname":"Mauritius"},{"iso2":"MG","iso3":"MDG","countryname":"Madagascar"}],"severitydata":{"severity":158.33232,"severitytext":"Remnant Low (maximum wind speed of 158 km/h)","severityunit":"km/h"},"featuretype":"PointRadii","key":"01130400","Class":"Point_Polygon_Point_2","iconeventlink":"https://www.gdacs.org/images/gdacs_icons/maps/Green/TC.png","iconitemlink":"https://www.gdacs.org/images/gdacs_icons/maps/Green/TC.png"}},{"type":"Feature","bbox":[54.97,-15.73,55.03,-15.67],"geometry":{"type":"Polygon","coordinates":[[[55.0,-15.73],[55.0015,-15.73],[55.0029,-15.7299],[55.0044,-15.7297],[55.0059,-15.7294],[55.0073,-15.7291],[55.0087,-15.7287],[55.0101,-15.7282],[55.0115,-15.7277],[55.0128,-15.7271],[55.0141,-15.7265],[55.0154,-15.7257],[55.0167,-15.7249],[55.0179,-15.7241],[55.019,-15.7232],[55.0201,-15.7222],[55.0212,-15.7212],[55.0222,-15.7201],[55.0232,-15.719],[55.0241,-15.7179],[55.0249,-15.7167],[55.0257,-15.7154],[55.0265,-15.7141],[55.0271,-15.7128],[55.0277,-15.7115],[55.0282,-15.7101],[55.0287,-15.7087],[55.0291,-15.7073],[55.0294,-15.7059],[55.0297,-15.7044],[55.0299,-15.7029],[55.03,-15.7015],[55.03,-15.7],[55.03,-15.6985],[55.0299,-15.6971],[55.0297,-15.6956],[55.0294,-15.6941],[55.0291,-15.6927],[55.0287,-15.6913],[55.0282,-15.6899],[55.0277,-15.6885],[55.0271,-15.6872],[55.0265,-15.6859],[55.0257,-15.6846],[55.0249,-15.6833],[55.0241,-15.6821],[55.0232,-15.681],[55.0222,-15.6799],[55.0212,-15.6788],[55.0201,-15.6778],[55.019,-15.6768],[55.0179,-15.6759],[55.0167,-15.6751],[55.0154,-15.6743],[55.0141,-15.6735],[55.0128,-15.6729],[55.0115,-15.6723],[55.0101,-15.6718],[55.0087,-15.6713],[55.0073,-15.6709],[55.0059,-15.6706],[55.0044,-15.6703],[55.0029,-15.6701],[55.0015,-15.67],[55.0,-15.67],[54.9985,-15.67],[54.9971,-15.6701],[54.9956,-15.6703],[54.9941,-15.6706],[54.9927,-15.6709],[54.9913,-15.6713],[54.9899,-15.6718],[54.9885,-15.6723],[54.9872,-15.6729],[54.9859,-15.6735],[54.9846,-15.6743],[54.9833,-15.6751],[54.9821,-15.6759],[54.981,-15.6768],[54.9799,-15.6778],[54.9788,-15.6788],[54.9778,-15.6799],[54.9768,-15.681],[54.9759,-15.6821],[54.9751,-15.6833],[54.9743,-15.6846],[54.9735,-15.6859],[54.9729,-15.6872],[54.9723,-15.6885],[54.9718,-15.6899],[54.9713,-15.6913],[54.9709,-15.6927],[54.9706,-15.6941],[54.9703,-15.6956],[54.9701,-15.6971],[54.97,-15.6985],[54.97,-15.7],[54.97,-15.7015],[54.9701,-15.7029],[54.9703,-15.7044],[54.9706,-15.7059],[54.9709,-15.7073],[54.9713,-15.7087],[54.9718,-15.7101],[54.9723,-15.7115],[54.9729,-15.7128],[54.9735,-15.7141],[54.9743,-15.7154],[54.9751,-15.7167],[54.9759,-15.7179],[54.9768,-15.719],[54.9778,-15.7201],[54.9788,-15.7212],[54.9799,-15.7222],[54.981,-15.7232],[54.9821,-15.7241],[54.9833,-15.7249],[54.9846,-15.7257],[54.9859,-15.7265],[54.9872,-15.7271],[54.9885,-15.7277],[54.9899,-15.7282],[54.9913,-15.7287],[54.9927,-15.7291],[54.9941,-15.7294],[54.9956,-15.7297],[54.9971,-15.7299],[54.9985,-15.73],[55.0,-15.73]]]},"properties":{"eventtype":"TC","eventid":1001041,"episodeid":14,"eventname":"BELAL-24","glide":"","name":"Tropical Cyclone BELAL-24","description":"Tropical Cyclone BELAL-24","htmldescription":"Orange Tropical Cyclone BELAL-24 in Miscellaneous (French) Indian Ocean Islands, Mauritius, Madagascar from: 12 Jan 2024  to: 19 Jan 2024 .","icon":"https://www.gdacs.org/images/gdacs_icons/maps/Green/TC.png","iconoverall":"https://www.gdacs.org/images/gdacs_icons/maps/Orange/TC.png","url":{"geometry":"https://www.gdacs.org/gdacsapi/api/polygons/getgeometry?eventtype=TC&eventid=1001041&episodeid=14","report":"https://www.gdacs.org/report.aspx?eventid=1001041&episodeid=14&eventtype=TC","details":"https://www.gdacs.org/gdacsapi/api/events/geteventdata?eventtype=TC&eventid=1001041"},"alertlevel":"Orange","alertscore":2,"episodealertlevel":"Green","episodealertscore":1.0,"istemporary":"false","iscurrent":"false","country":"Miscellaneous (French) Indian Ocean Islands, Mauritius, Madagascar","fromdate":"2024-01-12T16:00:00","todate":"2024-01-19T04:00:00","datemodified":"2024-05-03T10:03:15","iso3":"REU","source":"RSMC","sourceid":"","polygondate":"2024-01-15T22:00:00","polygonlabel":"13/01 10:00 UTC","countryonland":"Miscellaneous (French) Indian Ocean Islands","affectedcountries":[{"iso2":"MU","iso3":"MUS","countryname":"Mauritius"},{"iso2":"MG","iso3":"MDG","countryname":"Madagascar"}],"severitydata":{"severity":158.33232,"severitytext":"Remnant Low (maximum wind speed of 158 km/h)","severityunit":"km/h"},"featuretype":"PointRadii","key":"01131000","Class":"Point_Polygon_Point_3","iconeventlink":"https://www.gdacs.org/images/gdacs_icons/maps/Green/TC.png","iconitemlink":"https://www.gdacs.org/images/gdacs_icons/maps/Green/TC.png"}},{"type":"Feature","bbox":[53.99,-16.81,54.05,-16.75],"geometry":{"type":"Polygon","coordinates":[[[54.02,-16.81],[54.0215,-16.81],[54.0229,-16.8099],[54.0244,-16.8097],[54.0259,-16.8094],[54.0273,-16.8091],[54.0287,-16.8087],[54.0301,-16.8082],[54.0315,-16.8077],[54.0328,-16.8071],[54.0341,-16.8065],[54.0354,-16.8057],[54.0367,-16.8049],[54.0379,-16.8041],[54.039,-16.8032],[54.0401,-16.8022],[54.0412,-16.8012],[54.0422,-16.8001],[54.0432,-16.799],[54.0441,-16.7979],[54.0449,-16.7967],[54.0457,-16.7954],[54.0465,-16.7941],[54.0471,-16.7928],[54.0477,-16.7915],[54.0482,-16.7901],[54.0487,-16.7887],[54.0491,-16.7873],[54.0494,-16.7859],[54.0497,-16.7844],[54.0499,-16.7829],[54.05,-16.7815],[54.05,-16.78],[54.05,-16.7785],[54.0499,-16.7771],[54.0497,-16.7756],[54.0494,-16.7741],[54.0491,-16.7727],[54.0487,-16.7713],[54.0482,-16.7699],[54.0477,-16.7685],[54.0471,-16.7672],[54.0465,-16.7659],[54.0457,-16.7646],[54.0449,-16.7633],[54.0441,-16.7621],[54.0432,-16.761],[54.0422,-16.7599],[54.0412,-16.7588],[54.0401,-16.7578],[54.039,-16.7568],[54.0379,-16.7559],[54.0367,-16.7551],[54.0354,-16.7543],[54.0341,-16.7535],[54.0328,-16.7529],[54.0315,-16.7523],[54.0301,-16.7518],[54.0287,-16.7513],[54.0273,-16.7509],[54.0259,-16.7506],[54.0244,-16.7503],[54.0229,-16.7501],[54.0215,-16.75],[54.02,-16.75],[54.0185,-16.75],[54.0171,-16.7501],[54.0156,-16.7503],[54.0141,-16.7506],[54.0127,-16.7509],[54.0113,-16.7513],[54.0099,-16.7518],[54.0085,-16.7523],[54.0072,-16.7529],[54.0059,-16.7535],[54.0046,-16.7543],[54.0033,-16.7551],[54.0021,-16.7559],[54.001,-16.7568],[53.9999,-16.7578],[53.9988,-16.7588],[53.9978,-16.7599],[53.9968,-16.761],[53.9959,-16.7621],[53.9951,-16.7633],[53.9943,-16.7646],[53.9935,-16.7659],[53.9929,-16.7672],[53.9923,-16.7685],[53.9918,-16.7699],[53.9913,-16.7713],[53.9909,-16.7727],[53.9906,-16.7741],[53.9903,-16.7756],[53.9901,-16.7771],[53.99,-16.7785],[53.99,-16.78],[53.99,-16.7815],[53.9901,-16.7829],[53.9903,-16.7844],[53.9906,-16.7859],[53.9909,-16.7873],[53.9913,-16.7887],[53.9918,-16.7901],[53.9923,-16.7915],[53.9929,-16.7928],[53.9935,-16.7941],[53.9943,-16.7954],[53.9951,-16.7967],[53.9959,-16.7979],[53.9968,-16.799],[53.9978,-16.8001],[53.9988,-16.8012],[53.9999,-16.8022],[54.001,-16.8032],[54.0021,-16.8041],[54.0033,-16.8049],[54.0046,-16.8057],[54.0059,-16.8065],[54.0072,-16.8071],[54.0085,-16.8077],[54.0099,-16.8082],[54.0113,-16.8087],[54.0127,-16.8091],[54.0141,-16.8094],[54.0156,-16.8097],[54.0171,-16.8099],[54.0185,-16.81],[54.02,-16.81]]]},"properties":{"eventtype":"TC","eventid":1001041,"episodeid":14,"eventname":"BELAL-24","glide":"","name":"Tropical Cyclone BELAL-24","description":"Tropical Cyclone BELAL-24","htmldescription":"Orange Tropical Cyclone BELAL-24 in Miscellaneous (French) Indian Ocean Islands, Mauritius, Madagascar from: 12 Jan 2024  to: 19 Jan 2024 .","icon":"https://www.gdacs.org/images/gdacs_icons/maps/Green/TC.png","iconoverall":"https://www.gdacs.org/images/gdacs_icons/maps/Orange/TC.png","url":{"geometry":"https://www.gdacs.org/gdacsapi/api/polygons/getgeometry?eventtype=TC&eventid=1001041&episodeid=14","report":"https://www.gdacs.org/report.aspx?eventid=1001041&episodeid=14&eventtype=TC","details":"https://www.gdacs.org/gdacsapi/api/events/geteventdata?eventtype=TC&eventid=1001041"},"alertlevel":"Orange","alertscore":2,"episodealertlevel":"Green","episodealertscore":1.0,"istemporary":"false","iscurrent":"false","country":"Miscellaneous (French) Indian Ocean Islands, Mauritius, Madagascar","fromdate":"2024-01-12T16:00:00","todate":"2024-01-19T04:00:00","datemodified":"2024-05-03T10:03:15","iso3":"REU","source":"RSMC","sourceid":"","polygondate":"2024-01-15T22:00:00","polygonlabel":"13/01 16:00 UTC","countryonland":"Miscellaneous (French) Indian Ocean Islands","affectedcountries":[{"iso2":"MU","iso3":"MUS","countryname":"Mauritius"},{"iso2":"MG","iso3":"MDG","countryname":"Madagascar"}],"severitydata":{"severity":158.33232,"severitytext":"Remnant Low (maximum wind speed of 158 km/h)","severityunit":"km/h"},"featuretype":"PointRadii","key":"01131600","Class":"Point_Polygon_Point_4","iconeventlink":"https://www.gdacs.org/images/gdacs_icons/maps/Green/TC.png","iconitemlink":"https://www.gdacs.org/images/gdacs_icons/maps/Green/TC.png"}},{"type":"Feature","bbox":[53.76,-17.54,53.82,-17.48],"geometry":{"type":"Polygon","coordinates":[[[53.79,-17.54],[53.7915,-17.54],[53.7929,-17.5399],[53.7944,-17.5397],[53.7959,-17.5394],[53.7973,-17.5391],[53.7987,-17.5387],[53.8001,-17.5382],[53.8015,-17.5377],[53.8028,-17.5371],[53.8041,-17.5365],[53.8054,-17.5357],[53.8067,-17.5349],[53.8079,-17.5341],[53.809,-17.5332],[53.8101,-17.5322],[53.8112,-17.5312],[53.8122,-17.5301],[53.8132,-17.529],[53.8141,-17.5279],[53.8149,-17.5267],[53.8157,-17.5254],[53.8165,-17.5241],[53.8171,-17.5228],[53.8177,-17.5215],[53.8182,-17.5201],[53.8187,-17.5187],[53.8191,-17.5173],[53.8194,-17.5159],[53.8197,-17.5144],[53.8199,-17.5129],[53.82,-17.5115],[53.82,-17.51],[53.82,-17.5085],[53.8199,-17.5071],[53.8197,-17.5056],[53.8194,-17.5041],[53.8191,-17.5027],[53.8187,-17.5013],[53.8182,-17.4999],[53.8177,-17.4985],[53.8171,-17.4972],[53.8165,-17.4959],[53.8157,-17.4946],[53.8149,-17.4933],[53.8141,-17.4921],[53.8132,-17.491],[53.8122,-17.4899],[53.8112,-17.4888],[53.8101,-17.4878],[53.809,-17.4868],[53.8079,-17.4859],[53.8067,-17.4851],[53.8054,-17.4843],[53.8041,-17.4835],[53.8028,-17.4829],[53.8015,-17.4823],[53.8001,-17.4818],[53.7987,-17.4813],[53.7973,-17.4809],[53.7959,-17.4806],[53.7944,-17.4803],[53.7929,-17.4801],[53.7915,-17.48],[53.79,-17.48],[53.7885,-17.48],[53.7871,-17.4801],[53.7856,-17.4803],[53.7841,-17.4806],[53.7827,-17.4809],[53.7813,-17.4813],[53.7799,-17.4818],[53.7785,-17.4823],[53.7772,-17.4829],[53.7759,-17.4835],[53.7746,-17.4843],[53.7733,-17.4851],[53.7721,-17.4859],[53.771,-17.4868],[53.7699,-17.4878],[53.7688,-17.4888],[53.7678,-17.4899],[53.7668,-17.491],[53.7659,-17.4921],[53.7651,-17.4933],[53.7643,-17.4946],[53.7635,-17.4959],[53.7629,-17.4972],[53.7623,-17.4985],[53.7618,-17.4999],[53.7613,-17.5013],[53.7609,-17.5027],[53.7606,-17.5041],[53.7603,-17.5056],[53.7601,-17.5071],[53.76,-17.5085],[53.76,-17.51],[53.76,-17.5115],[53.7601,-17.5129],[53.7603,-17.5144],[53.7606,-17.5159],[53.7609,-17.5173],[53.7613,-17.5187],[53.7618,-17.5201],[53.7623,-17.5215],[53.7629,-17.5228],[53.7635,-17.5241],[53.7643,-17.5254],[53.7651,-17.5267],[53.7659,-17.5279],[53.7668,-17.529],[53.7678,-17.5301],[53.7688,-17.5312],[53.7699,-17.5322],[53.771,-17.5332],[53.7721,-17.5341],[53.7733,-17.5349],[53.7746,-17.5357],[53.7759,-17.5365],[53.7772,-17.5371],[53.7785,-17.5377],[53.7799,-17.5382],[53.7813,-17.5387],[53.7827,-17.5391],[53.7841,-17.5394],[53.7856,-17.5397],[53.7871,-17.5399],[53.7885,-17.54],[53.79,-17.54]]]},"properties":{"eventtype":"TC","eventid":1001041,"episodeid":14,"eventname":"BELAL-24","glide":"","name":"Tropical Cyclone BELAL-24","description":"Tropical Cyclone BELAL-24","htmldescription":"Orange Tropical Cyclone BELAL-24 in Miscellaneous (French) Indian Ocean Islands, Mauritius, Madagascar from: 12 Jan 2024  to: 19 Jan 2024 .","icon":"https://www.gdacs.org/images/gdacs_icons/maps/Green/TC.png","iconoverall":"https://www.gdacs.org/images/gdacs_icons/maps/Orange/TC.png","url":{"geometry":"https://www.gdacs.org/gdacsapi/api/polygons/getgeometry?eventtype=TC&eventid=1001041&episodeid=14","report":"https://www.gdacs.org/report.aspx?eventid=1001041&episodeid=14&eventtype=TC","details":"https://www.gdacs.org/gdacsapi/api/events/geteventdata?eventtype=TC&eventid=1001041"},"alertlevel":"Orange","alertscore":2,"episodealertlevel":"Green","episodealertscore":1.0,"istemporary":"false","iscurrent":"false","country":"Miscellaneous (French) Indian Ocean Islands, Mauritius, Madagascar","fromdate":"2024-01-12T16:00:00","todate":"2024-01-19T04:00:00","datemodified":"2024-05-03T10:03:15","iso3":"REU","source":"RSMC","sourceid":"","polygondate":"2024-01-15T22:00:00","polygonlabel":"13/01 22:00 UTC","countryonland":"Miscellaneous (French) Indian Ocean Islands","affectedcountries":[{"iso2":"MU","iso3":"MUS","countryname":"Mauritius"},{"iso2":"MG","iso3":"MDG","countryname":"Madagascar"}],"severitydata":{"severity":158.33232,"severitytext":"Remnant Low (maximum wind speed of 158 km/h)","severityunit":"km/h"},"featuretype":"PointRadii","key":"01132200","Class":"Point_Polygon_Point_5","iconeventlink":"https://www.gdacs.org/images/gdacs_icons/maps/Green/TC.png","iconitemlink":"https://www.gdacs.org/images/gdacs_icons/maps/Green/TC.png"}},{"type":"Feature","bbox":[53.46,-18.4,53.52,-18.34],"geometry":{"type":"Polygon","coordinates":[[[53.49,-18.4],[53.4915,-18.4],[53.4929,-18.3999],[53.4944,-18.3997],[53.4959,-18.3994],[53.4973,-18.3991],[53.4987,-18.3987],[53.5001,-18.3982],[53.5015,-18.3977],[53.5028,-18.3971],[53.5041,-18.3965],[53.5054,-18.3957],[53.5067,-18.3949],[53.5079,-18.3941],[53.509,-18.3932],[53.5101,-18.3922],[53.5112,-18.3912],[53.5122,-18.3901],[53.5132,-18.389],[53.5141,-18.3879],[53.5149,-18.3867],[53.5157,-18.3854],[53.5165,-18.3841],[53.5171,-18.3828],[53.5177,-18.3815],[53.5182,-18.3801],[53.5187,-18.3787],[53.5191,-18.3773],[53.5194,-18.3759],[53.5197,-18.3744],[53.5199,-18.3729],[53.52,-18.3715],[53.52,-18.37],[53.52,-18.3685],[53.5199,-18.3671],[53.5197,-18.3656],[53.5194,-18.3641],[53.5191,-18.3627],[53.5187,-18.3613],[53.5182,-18.3599],[53.5177,-18.3585],[53.5171,-18.3572],[53.5165,-18.3559],[53.5157,-18.3546],[53.5149,-18.3533],[53.5141,-18.3521],[53.5132,-18.351],[53.5122,-18.3499],[53.5112,-18.3488],[53.5101,-18.3478],[53.509,-18.3468],[53.5079,-18.3459],[53.5067,-18.3451],[53.5054,-18.3443],[53.5041,-18.3435],[53.5028,-18.3429],[53.5015,-18.3423],[53.5001,-18.3418],[53.4987,-18.3413],[53.4973,-18.3409],[53.4959,-18.3406],[53.4944,-18.3403],[53.4929,-18.3401],[53.4915,-18.34],[53.49,-18.34],[53.4885,-18.34],[53.4871,-18.3401],[53.4856,-18.3403],[53.4841,-18.3406],[53.4827,-18.3409],[53.4813,-18.3413],[53.4799,-18.3418],[53.4785,-18.3423],[53.4772,-18.3429],[53.4759,-18.3435],[53.4746,-18.3443],[53.4733,-18.3451],[53.4721,-18.3459],[53.471,-18.3468],[53.4699,-18.3478],[53.4688,-18.3488],[53.4678,-18.3499],[53.4668,-18.351],[53.4659,-18.3521],[53.4651,-18.3533],[53.4643,-18.3546],[53.4635,-18.3559],[53.4629,-18.3572],[53.4623,-18.3585],[53.4618,-18.3599],[53.4613,-18.3613],[53.4609,-18.3627],[53.4606,-18.3641],[53.4603,-18.3656],[53.4601,-18.3671],[53.46,-18.3685],[53.46,-18.37],[53.46,-18.3715],[53.4601,-18.3729],[53.4603,-18.3744],[53.4606,-18.3759],[53.4609,-18.3773],[53.4613,-18.3787],[53.4618,-18.3801],[53.4623,-18.3815],[53.4629,-18.3828],[53.4635,-18.3841],[53.4643,-18.3854],[53.4651,-18.3867],[53.4659,-18.3879],[53.4668,-18.389],[53.4678,-18.3901],[53.4688,-18.3912],[53.4699,-18.3922],[53.471,-18.3932],[53.4721,-18.3941],[53.4733,-18.3949],[53.4746,-18.3957],[53.4759,-18.3965],[53.4772,-18.3971],[53.4785,-18.3977],[53.4799,-18.3982],[53.4813,-18.3987],[53.4827,-18.3991],[53.4841,-18.3994],[53.4856,-18.3997],[53.4871,-18.3999],[53.4885,-18.4],[53.49,-18.4]]]},"properties":{"eventtype":"TC","eventid":1001041,"episodeid":14,"eventname":"BELAL-24","glide":"","name":"Tropical Cyclone BELAL-24","description":"Tropical Cyclone BELAL-24","htmldescription":"Orange Tropical Cyclone BELAL-24 in Miscellaneous (French) Indian Ocean Islands, Mauritius, Madagascar from: 12 Jan 2024  to: 19 Jan 2024 .","icon":"https://www.gdacs.org/images/gdacs_icons/maps/Green/TC.png","iconoverall":"https://www.gdacs.org/images/gdacs_icons/maps/Orange/TC.png","url":{"geometry":"https://www.gdacs.org/gdacsapi/api/polygons/getgeometry?eventtype=TC&eventid=1001041&episodeid=14","report":"https://www.gdacs.org/report.aspx?eventid=1001041&episodeid=14&eventtype=TC","details":"https://www.gdacs.org/gdacsapi/api/events/geteventdata?eventtype=TC&eventid=1001041"},"alertlevel":"Orange","alertscore":2,"episodealertlevel":"Green","episodealertscore":1.0,"istemporary":"false","iscurrent":"false","country":"Miscellaneous (French) Indian Ocean Islands, Mauritius, Madagascar","fromdate":"2024-01-12T16:00:00","todate":"2024-01-19T04:00:00","datemodified":"2024-05-03T10:03:15","iso3":"REU","source":"RSMC","sourceid":"","polygondate":"2024-01-15T22:00:00","polygonlabel":"14/01 04:00 UTC","countryonland":"Miscellaneous (French) Indian Ocean Islands","affectedcountries":[{"iso2":"MU","iso3":"MUS","countryname":"Mauritius"},{"iso2":"MG","iso3":"MDG","countryname":"Madagascar"}],"severitydata":{"severity":158.33232,"severitytext":"Remnant Low (maximum wind speed of 158 km/h)","severityunit":"km/h"},"featuretype":"PointRadii","key":"01140400","Class":"Point_Polygon_Point_6","iconeventlink":"https://www.gdacs.org/images/gdacs_icons/maps/Green/TC.png","iconitemlink":"https://www.gdacs.org/images/gdacs_icons/maps/Green/TC.png"}},{"type":"Feature","bbox":[53.43,-19.07,53.49,-19.01],"geometry":{"type":"Polygon","coordinates":[[[53.46,-19.07],[53.4615,-19.07],[53.4629,-19.0699],[53.4644,-19.0697],[53.4659,-19.0694],[53.4673,-19.0691],[53.4687,-19.0687],[53.4701,-19.0682],[53.4715,-19.0677],[53.4728,-19.0671],[53.4741,-19.0665],[53.4754,-19.0657],[53.4767,-19.0649],[53.4779,-19.0641],[53.479,-19.0632],[53.4801,-19.0622],[53.4812,-19.0612],[53.4822,-19.0601],[53.4832,-19.059],[53.4841,-19.0579],[53.4849,-19.0567],[53.4857,-19.0554],[53.4865,-19.0541],[53.4871,-19.0528],[53.4877,-19.0515],[53.4882,-19.0501],[53.4887,-19.0487],[53.4891,-19.0473],[53.4894,-19.0459],[53.4897,-19.0444],[53.4899,-19.0429],[53.49,-19.0415],[53.49,-19.04],[53.49,-19.0385],[53.4899,-19.0371],[53.4897,-19.0356],[53.4894,-19.0341],[53.4891,-19.0327],[53.4887,-19.0313],[53.4882,-19.0299],[53.4877,-19.0285],[53.4871,-19.0272],[53.4865,-19.0259],[53.4857,-19.0246],[53.4849,-19.0233],[53.4841,-19.0221],[53.4832,-19.021],[53.4822,-19.0199],[53.4812,-19.0188],[53.4801,-19.0178],[53.479,-19.0168],[53.4779,-19.0159],[53.4767,-19.0151],[53.4754,-19.0143],[53.4741,-19.0135],[53.4728,-19.0129],[53.4715,-19.0123],[53.4701,-19.0118],[53.4687,-19.0113],[53.4673,-19.0109],[53.4659,-19.0106],[53.4644,-19.0103],[53.4629,-19.0101],[53.4615,-19.01],[53.46,-19.01],[53.4585,-19.01],[53.4571,-19.0101],[53.4556,-19.0103],[53.4541,-19.0106],[53.4527,-19.0109],[53.4513,-19.0113],[53.4499,-19.0118],[53.4485,-19.0123],[53.4472,-19.0129],[53.4459,-19.0135],[53.4446,-19.0143],[53.4433,-19.0151],[53.4421,-19.0159],[53.441,-19.0168],[53.4399,-19.0178],[53.4388,-19.0188],[53.4378,-19.0199],[53.4368,-19.021],[53.4359,-19.0221],[53.4351,-19.0233],[53.4343,-19.0246],[53.4335,-19.0259],[53.4329,-19.0272],[53.4323,-19.0285],[53.4318,-19.0299],[53.4313,-19.0313],[53.4309,-19.0327],[53.4306,-19.0341],[53.4303,-19.0356],[53.4301,-19.0371],[53.43,-19.0385],[53.43,-19.04],[53.43,-19.0415],[53.4301,-19.0429],[53.4303,-19.0444],[53.4306,-19.0459],[53.4309,-19.0473],[53.4313,-19.0487],[53.4318,-19.0501],[53.4323,-19.0515],[53.4329,-19.0528],[53.4335,-19.0541],[53.4343,-19.0554],[53.4351,-19.0567],[53.4359,-19.0579],[53.4368,-19.059],[53.4378,-19.0601],[53.4388,-19.0612],[53.4399,-19.0622],[53.441,-19.0632],[53.4421,-19.0641],[53.4433,-19.0649],[53.4446,-19.0657],[53.4459,-19.0665],[53.4472,-19.0671],[53.4485,-19.0677],[53.4499,-19.0682],[53.4513,-19.0687],[53.4527,-19.0691],[53.4541,-19.0694],[53.4556,-19.0697],[53.4571,-19.0699],[53.4585,-19.07],[53.46,-19.07]]]},"properties":{"eventtype":"TC","eventid":1001041,"episodeid":14,"eventname":"BELAL-24","glide":"","name":"Tropical Cyclone BELAL-24","description":"Tropical Cyclone BELAL-24","htmldescription":"Orange Tropical Cyclone BELAL-24 in Miscellaneous (French) Indian Ocean Islands, Mauritius, Madagascar from: 12 Jan 2024  to: 19 Jan 2024 .","icon":"https://www.gdacs.org/images/gdacs_icons/maps/Green/TC.png","iconoverall":"https://www.gdacs.org/images/gdacs_icons/maps/Orange/TC.png","url":{"geometry":"https://www.gdacs.org/gdacsapi/api/polygons/getgeometry?eventtype=TC&eventid=1001041&episodeid=14","report":"https://www.gdacs.org/report.aspx?eventid=1001041&episodeid=14&eventtype=TC","details":"https://www.gdacs.org/gdacsapi/api/events/geteventdata?eventtype=TC&eventid=1001041"},"alertlevel":"Orange","alertscore":2,"episodealertlevel":"Green","episodealertscore":1.0,"istemporary":"false","iscurrent":"false","country":"Miscellaneous (French) Indian Ocean Islands, Mauritius, Madagascar","fromdate":"2024-01-12T16:00:00","todate":"2024-01-19T04:00:00","datemodified":"2024-05-03T10:03:15","iso3":"REU","source":"RSMC","sourceid":"","polygondate":"2024-01-15T22:00:00","polygonlabel":"14/01 10:00 UTC","countryonland":"Miscellaneous (French) Indian Ocean Islands","affectedcountries":[{"iso2":"MU","iso3":"MUS","countryname":"Mauritius"},{"iso2":"MG","iso3":"MDG","countryname":"Madagascar"}],"severitydata":{"severity":158.33232,"severitytext":"Remnant Low (maximum wind speed of 158 km/h)","severityunit":"km/h"},"featuretype":"PointRadii","key":"01141000","Class":"Point_Polygon_Point_7","iconeventlink":"https://www.gdacs.org/images/gdacs_icons/maps/Green/TC.png","iconitemlink":"https://www.gdacs.org/images/gdacs_icons/maps/Green/TC.png"}},{"type":"Feature","bbox":[53.48,-19.44,53.54,-19.38],"geometry":{"type":"Polygon","coordinates":[[[53.51,-19.44],[53.5115,-19.44],[53.5129,-19.4399],[53.5144,-19.4397],[53.5159,-19.4394],[53.5173,-19.4391],[53.5187,-19.4387],[53.5201,-19.4382],[53.5215,-19.4377],[53.5228,-19.4371],[53.5241,-19.4365],[53.5254,-19.4357],[53.5267,-19.4349],[53.5279,-19.4341],[53.529,-19.4332],[53.5301,-19.4322],[53.5312,-19.4312],[53.5322,-19.4301],[53.5332,-19.429],[53.5341,-19.4279],[53.5349,-19.4267],[53.5357,-19.4254],[53.5365,-19.4241],[53.5371,-19.4228],[53.5377,-19.4215],[53.5382,-19.4201],[53.5387,-19.4187],[53.5391,-19.4173],[53.5394,-19.4159],[53.5397,-19.4144],[53.5399,-19.4129],[53.54,-19.4115],[53.54,-19.41],[53.54,-19.4085],[53.5399,-19.4071],[53.5397,-19.4056],[53.5394,-19.4041],[53.5391,-19.4027],[53.5387,-19.4013],[53.5382,-19.3999],[53.5377,-19.3985],[53.5371,-19.3972],[53.5365,-19.3959],[53.5357,-19.3946],[53.5349,-19.3933],[53.5341,-19.3921],[53.5332,-19.391],[53.5322,-19.3899],[53.5312,-19.3888],[53.5301,-19.3878],[53.529,-19.3868],[53.5279,-19.3859],[53.5267,-19.3851],[53.5254,-19.3843],[53.5241,-19.3835],[53.5228,-19.3829],[53.5215,-19.3823],[53.5201,-19.3818],[53.5187,-19.3813],[53.5173,-19.3809],[53.5159,-19.3806],[53.5144,-19.3803],[53.5129,-19.3801],[53.5115,-19.38],[53.51,-19.38],[53.5085,-19.38],[53.5071,-19.3801],[53.5056,-19.3803],[53.5041,-19.3806],[53.5027,-19.3809],[53.5013,-19.3813],[53.4999,-19.3818],[53.4985,-19.3823],[53.4972,-19.3829],[53.4959,-19.3835],[53.4946,-19.3843],[53.4933,-19.3851],[53.4921,-19.3859],[53.491,-19.3868],[53.4899,-19.3878],[53.4888,-19.3888],[53.4878,-19.3899],[53.4868,-19.391],[53.4859,-19.3921],[53.4851,-19.3933],[53.4843,-19.3946],[53.4835,-19.3959],[53.4829,-19.3972],[53.4823,-19.3985],[53.4818,-19.3999],[53.4813,-19.4013],[53.4809,-19.4027],[53.4806,-19.4041],[53.4803,-19.4056],[53.4801,-19.4071],[53.48,-19.4085],[53.48,-19.41],[53.48,-19.4115],[53.4801,-19.4129],[53.4803,-19.4144],[53.4806,-19.4159],[53.4809,-19.4173],[53.4813,-19.4187],[53.4818,-19.4201],[53.4823,-19.4215],[53.4829,-19.4228],[53.4835,-19.4241],[53.4843,-19.4254],[53.4851,-19.4267],[53.4859,-19.4279],[53.4868,-19.429],[53.4878,-19.4301],[53.4888,-19.4312],[53.4899,-19.4322],[53.491,-19.4332],[53.4921,-19.4341],[53.4933,-19.4349],[53.4946,-19.4357],[53.4959,-19.4365],[53.4972,-19.4371],[53.4985,-19.4377],[53.4999,-19.4382],[53.5013,-19.4387],[53.5027,-19.4391],[53.5041,-19.4394],[53.5056,-19.4397],[53.5071,-19.4399],[53.5085,-19.44],[53.51,-19.44]]]},"properties":{"eventtype":"TC","eventid":1001041,"episodeid":14,"eventname":"BELAL-24","glide":"","name":"Tropical Cyclone BELAL-24","description":"Tropical Cyclone BELAL-24","htmldescription":"Orange Tropical Cyclone BELAL-24 in Miscellaneous (French) Indian Ocean Islands, Mauritius, Madagascar from: 12 Jan 2024  to: 19 Jan 2024 .","icon":"https://www.gdacs.org/images/gdacs_icons/maps/Green/TC.png","iconoverall":"https://www.gdacs.org/images/gdacs_icons/maps/Orange/TC.png","url":{"geometry":"https://www.gdacs.org/gdacsapi/api/polygons/getgeometry?eventtype=TC&eventid=1001041&episodeid=14","report":"https://www.gdacs.org/report.aspx?eventid=1001041&episodeid=14&eventtype=TC","details":"https://www.gdacs.org/gdacsapi/api/events/geteventdata?eventtype=TC&eventid=1001041"},"alertlevel":"Orange","alertscore":2,"episodealertlevel":"Green","episodealertscore":1.0,"istemporary":"false","iscurrent":"false","country":"Miscellaneous (French) Indian Ocean Islands, Mauritius, Madagascar","fromdate":"2024-01-12T16:00:00","todate":"2024-01-19T04:00:00","datemodified":"2024-05-03T10:03:15","iso3":"REU","source":"RSMC","sourceid":"","polygondate":"2024-01-15T22:00:00","polygonlabel":"14/01 13:00 UTC","countryonland":"Miscellaneous (French) Indian Ocean Islands","affectedcountries":[{"iso2":"MU","iso3":"MUS","countryname":"Mauritius"},{"iso2":"MG","iso3":"MDG","countryname":"Madagascar"}],"severitydata":{"severity":158.33232,"severitytext":"Remnant Low (maximum wind speed of 158 km/h)","severityunit":"km/h"},"featuretype":"PointRadii","key":"01141300","Class":"Point_Polygon_Point_8","iconeventlink":"https://www.gdacs.org/images/gdacs_icons/maps/Green/TC.png","iconitemlink":"https://www.gdacs.org/images/gdacs_icons/maps/Green/TC.png"}},{"type":"Feature","bbox":[53.55,-19.72,53.61,-19.66],"geometry":{"type":"Polygon","coordinates":[[[53.58,-19.72],[53.5815,-19.72],[53.5829,-19.7199],[53.5844,-19.7197],[53.5859,-19.7194],[53.5873,-19.7191],[53.5887,-19.7187],[53.5901,-19.7182],[53.5915,-19.7177],[53.5928,-19.7171],[53.5941,-19.7165],[53.5954,-19.7157],[53.5967,-19.7149],[53.5979,-19.7141],[53.599,-19.7132],[53.6001,-19.7122],[53.6012,-19.7112],[53.6022,-19.7101],[53.6032,-19.709],[53.6041,-19.7079],[53.6049,-19.7067],[53.6057,-19.7054],[53.6065,-19.7041],[53.6071,-19.7028],[53.6077,-19.7015],[53.6082,-19.7001],[53.6087,-19.6987],[53.6091,-19.6973],[53.6094,-19.6959],[53.6097,-19.6944],[53.6099,-19.6929],[53.61,-19.6915],[53.61,-19.69],[53.61,-19.6885],[53.6099,-19.6871],[53.6097,-19.6856],[53.6094,-19.6841],[53.6091,-19.6827],[53.6087,-19.6813],[53.6082,-19.6799],[53.6077,-19.6785],[53.6071,-19.6772],[53.6065,-19.6759],[53.6057,-19.6746],[53.6049,-19.6733],[53.6041,-19.6721],[53.6032,-19.671],[53.6022,-19.6699],[53.6012,-19.6688],[53.6001,-19.6678],[53.599,-19.6668],[53.5979,-19.6659],[53.5967,-19.6651],[53.5954,-19.6643],[53.5941,-19.6635],[53.5928,-19.6629],[53.5915,-19.6623],[53.5901,-19.6618],[53.5887,-19.6613],[53.5873,-19.6609],[53.5859,-19.6606],[53.5844,-19.6603],[53.5829,-19.6601],[53.5815,-19.66],[53.58,-19.66],[53.5785,-19.66],[53.5771,-19.6601],[53.5756,-19.6603],[53.5741,-19.6606],[53.5727,-19.6609],[53.5713,-19.6613],[53.5699,-19.6618],[53.5685,-19.6623],[53.5672,-19.6629],[53.5659,-19.6635],[53.5646,-19.6643],[53.5633,-19.6651],[53.5621,-19.6659],[53.561,-19.6668],[53.5599,-19.6678],[53.5588,-19.6688],[53.5578,-19.6699],[53.5568,-19.671],[53.5559,-19.6721],[53.5551,-19.6733],[53.5543,-19.6746],[53.5535,-19.6759],[53.5529,-19.6772],[53.5523,-19.6785],[53.5518,-19.6799],[53.5513,-19.6813],[53.5509,-19.6827],[53.5506,-19.6841],[53.5503,-19.6856],[53.5501,-19.6871],[53.55,-19.6885],[53.55,-19.69],[53.55,-19.6915],[53.5501,-19.6929],[53.5503,-19.6944],[53.5506,-19.6959],[53.5509,-19.6973],[53.5513,-19.6987],[53.5518,-19.7001],[53.5523,-19.7015],[53.5529,-19.7028],[53.5535,-19.7041],[53.5543,-19.7054],[53.5551,-19.7067],[53.5559,-19.7079],[53.5568,-19.709],[53.5578,-19.7101],[53.5588,-19.7112],[53.5599,-19.7122],[53.561,-19.7132],[53.5621,-19.7141],[53.5633,-19.7149],[53.5646,-19.7157],[53.5659,-19.7165],[53.5672,-19.7171],[53.5685,-19.7177],[53.5699,-19.7182],[53.5713,-19.7187],[53.5727,-19.7191],[53.5741,-19.7194],[53.5756,-19.7197],[53.5771,-19.7199],[53.5785,-19.72],[53.58,-19.72]]]},"properties":{"eventtype":"TC","eventid":1001041,"episodeid":14,"eventname":"BELAL-24","glide":"","name":"Tropical Cyclone BELAL-24","description":"Tropical Cyclone BELAL-24","htmldescription":"Orange Tropical Cyclone BELAL-24 in Miscellaneous (French) Indian Ocean Islands, Mauritius, Madagascar from: 12 Jan 2024  to: 19 Jan 2024 .","icon":"https://www.gdacs.org/images/gdacs_icons/maps/Green/TC.png","iconoverall":"https://www.gdacs.org/images/gdacs_icons/maps/Orange/TC.png","url":{"geometry":"https://www.gdacs.org/gdacsapi/api/polygons/getgeometry?eventtype=TC&eventid=1001041&episodeid=14","report":"https://www.gdacs.org/report.aspx?eventid=1001041&episodeid=14&eventtype=TC","details":"https://www.gdacs.org/gdacsapi/api/events/geteventdata?eventtype=TC&eventid=1001041"},"alertlevel":"Orange","alertscore":2,"episodealertlevel":"Green","episodealertscore":1.0,"istemporary":"false","iscurrent":"false","country":"Miscellaneous (French) Indian Ocean Islands, Mauritius, Madagascar","fromdate":"2024-01-12T16:00:00","todate":"2024-01-19T04:00:00","datemodified":"2024-05-03T10:03:15","iso3":"REU","source":"RSMC","sourceid":"","polygondate":"2024-01-15T22:00:00","polygonlabel":"14/01 16:00 UTC","countryonland":"Miscellaneous (French) Indian Ocean Islands","affectedcountries":[{"iso2":"MU","iso3":"MUS","countryname":"Mauritius"},{"iso2":"MG","iso3":"MDG","countryname":"Madagascar"}],"severitydata":{"severity":158.33232,"severitytext":"Remnant Low (maximum wind speed of 158 km/h)","severityunit":"km/h"},"featuretype":"PointRadii","key":"01141600","Class":"Point_Polygon_Point_9","iconeventlink":"https://www.gdacs.org/images/gdacs_icons/maps/Green/TC.png","iconitemlink":"https://www.gdacs.org/images/gdacs_icons/maps/Green/TC.png"}},{"type":"Feature","bbox":[53.79,-20.06,53.85,-20.0],"geometry":{"type":"Polygon","coordinates":[[[53.82,-20.06],[53.8215,-20.06],[53.8229,-20.0599],[53.8244,-20.0597],[53.8259,-20.0594],[53.8273,-20.0591],[53.8287,-20.0587],[53.8301,-20.0582],[53.8315,-20.0577],[53.8328,-20.0571],[53.8341,-20.0565],[53.8354,-20.0557],[53.8367,-20.0549],[53.8379,-20.0541],[53.839,-20.0532],[53.8401,-20.0522],[53.8412,-20.0512],[53.8422,-20.0501],[53.8432,-20.049],[53.8441,-20.0479],[53.8449,-20.0467],[53.8457,-20.0454],[53.8465,-20.0441],[53.8471,-20.0428],[53.8477,-20.0415],[53.8482,-20.0401],[53.8487,-20.0387],[53.8491,-20.0373],[53.8494,-20.0359],[53.8497,-20.0344],[53.8499,-20.0329],[53.85,-20.0315],[53.85,-20.03],[53.85,-20.0285],[53.8499,-20.0271],[53.8497,-20.0256],[53.8494,-20.0241],[53.8491,-20.0227],[53.8487,-20.0213],[53.8482,-20.0199],[53.8477,-20.0185],[53.8471,-20.0172],[53.8465,-20.0159],[53.8457,-20.0146],[53.8449,-20.0133],[53.8441,-20.0121],[53.8432,-20.011],[53.8422,-20.0099],[53.8412,-20.0088],[53.8401,-20.0078],[53.839,-20.0068],[53.8379,-20.0059],[53.8367,-20.0051],[53.8354,-20.0043],[53.8341,-20.0035],[53.8328,-20.0029],[53.8315,-20.0023],[53.8301,-20.0018],[53.8287,-20.0013],[53.8273,-20.0009],[53.8259,-20.0006],[53.8244,-20.0003],[53.8229,-20.0001],[53.8215,-20.0],[53.82,-20.0],[53.8185,-20.0],[53.8171,-20.0001],[53.8156,-20.0003],[53.8141,-20.0006],[53.8127,-20.0009],[53.8113,-20.0013],[53.8099,-20.0018],[53.8085,-20.0023],[53.8072,-20.0029],[53.8059,-20.0035],[53.8046,-20.0043],[53.8033,-20.0051],[53.8021,-20.0059],[53.801,-20.0068],[53.7999,-20.0078],[53.7988,-20.0088],[53.7978,-20.0099],[53.7968,-20.011],[53.7959,-20.0121],[53.7951,-20.0133],[53.7943,-20.0146],[53.7935,-20.0159],[53.7929,-20.0172],[53.7923,-20.0185],[53.7918,-20.0199],[53.7913,-20.0213],[53.7909,-20.0227],[53.7906,-20.0241],[53.7903,-20.0256],[53.7901,-20.0271],[53.79,-20.0285],[53.79,-20.03],[53.79,-20.0315],[53.7901,-20.0329],[53.7903,-20.0344],[53.7906,-20.0359],[53.7909,-20.0373],[53.7913,-20.0387],[53.7918,-20.0401],[53.7923,-20.0415],[53.7929,-20.0428],[53.7935,-20.0441],[53.7943,-20.0454],[53.7951,-20.0467],[53.7959,-20.0479],[53.7968,-20.049],[53.7978,-20.0501],[53.7988,-20.0512],[53.7999,-20.0522],[53.801,-20.0532],[53.8021,-20.0541],[53.8033,-20.0549],[53.8046,-20.0557],[53.8059,-20.0565],[53.8072,-20.0571],[53.8085,-20.0577],[53.8099,-20.0582],[53.8113,-20.0587],[53.8127,-20.0591],[53.8141,-20.0594],[53.8156,-20.0597],[53.8171,-20.0599],[53.8185,-20.06],[53.82,-20.06]]]},"properties":{"eventtype":"TC","eventid":1001041,"episodeid":14,"eventname":"BELAL-24","glide":"","name":"Tropical Cyclone BELAL-24","description":"Tropical Cyclone BELAL-24","htmldescription":"Orange Tropical Cyclone BELAL-24 in Miscellaneous (French) Indian Ocean Islands, Mauritius, Madagascar from: 12 Jan 2024  to: 19 Jan 2024 .","icon":"https://www.gdacs.org/images/gdacs_icons/maps/Green/TC.png","iconoverall":"https://www.gdacs.org/images/gdacs_icons/maps/Orange/TC.png","url":{"geometry":"https://www.gdacs.org/gdacsapi/api/polygons/getgeometry?eventtype=TC&eventid=1001041&episodeid=14","report":"https://www.gdacs.org/report.aspx?eventid=1001041&episodeid=14&eventtype=TC","details":"https://www.gdacs.org/gdacsapi/api/events/geteventdata?eventtype=TC&eventid=1001041"},"alertlevel":"Orange","alertscore":2,"episodealertlevel":"Green","episodealertscore":1.0,"istemporary":"false","iscurrent":"false","country":"Miscellaneous (French) Indian Ocean Islands, Mauritius, Madagascar","fromdate":"2024-01-12T16:00:00","todate":"2024-01-19T04:00:00","datemodified":"2024-05-03T10:03:15","iso3":"REU","source":"RSMC","sourceid":"","polygondate":"2024-01-15T22:00:00","polygonlabel":"14/01 22:00 UTC","countryonland":"Miscellaneous (French) Indian Ocean Islands","affectedcountries":[{"iso2":"MU","iso3":"MUS","countryname":"Mauritius"},{"iso2":"MG","iso3":"MDG","countryname":"Madagascar"}],"severitydata":{"severity":158.33232,"severitytext":"Remnant Low (maximum wind speed of 158 km/h)","severityunit":"km/h"},"featuretype":"PointRadii","key":"01142200","Class":"Point_Polygon_Point_10","iconeventlink":"https://www.gdacs.org/images/gdacs_icons/maps/Green/TC.png","iconitemlink":"https://www.gdacs.org/images/gdacs_icons/maps/Green/TC.png"}},{"type":"Feature","bbox":[54.31,-20.31,54.37,-20.25],"geometry":{"type":"Polygon","coordinates":[[[54.34,-20.31],[54.3415,-20.31],[54.3429,-20.3099],[54.3444,-20.3097],[54.3459,-20.3094],[54.3473,-20.3091],[54.3487,-20.3087],[54.3501,-20.3082],[54.3515,-20.3077],[54.3528,-20.3071],[54.3541,-20.3065],[54.3554,-20.3057],[54.3567,-20.3049],[54.3579,-20.3041],[54.359,-20.3032],[54.3601,-20.3022],[54.3612,-20.3012],[54.3622,-20.3001],[54.3632,-20.299],[54.3641,-20.2979],[54.3649,-20.2967],[54.3657,-20.2954],[54.3665,-20.2941],[54.3671,-20.2928],[54.3677,-20.2915],[54.3682,-20.2901],[54.3687,-20.2887],[54.3691,-20.2873],[54.3694,-20.2859],[54.3697,-20.2844],[54.3699,-20.2829],[54.37,-20.2815],[54.37,-20.28],[54.37,-20.2785],[54.3699,-20.2771],[54.3697,-20.2756],[54.3694,-20.2741],[54.3691,-20.2727],[54.3687,-20.2713],[54.3682,-20.2699],[54.3677,-20.2685],[54.3671,-20.2672],[54.3665,-20.2659],[54.3657,-20.2646],[54.3649,-20.2633],[54.3641,-20.2621],[54.3632,-20.261],[54.3622,-20.2599],[54.3612,-20.2588],[54.3601,-20.2578],[54.359,-20.2568],[54.3579,-20.2559],[54.3567,-20.2551],[54.3554,-20.2543],[54.3541,-20.2535],[54.3528,-20.2529],[54.3515,-20.2523],[54.3501,-20.2518],[54.3487,-20.2513],[54.3473,-20.2509],[54.3459,-20.2506],[54.3444,-20.2503],[54.3429,-20.2501],[54.3415,-20.25],[54.34,-20.25],[54.3385,-20.25],[54.3371,-20.2501],[54.3356,-20.2503],[54.3341,-20.2506],[54.3327,-20.2509],[54.3313,-20.2513],[54.3299,-20.2518],[54.3285,-20.2523],[54.3272,-20.2529],[54.3259,-20.2535],[54.3246,-20.2543],[54.3233,-20.2551],[54.3221,-20.2559],[54.321,-20.2568],[54.3199,-20.2578],[54.3188,-20.2588],[54.3178,-20.2599],[54.3168,-20.261],[54.3159,-20.2621],[54.3151,-20.2633],[54.3143,-20.2646],[54.3135,-20.2659],[54.3129,-20.2672],[54.3123,-20.2685],[54.3118,-20.2699],[54.3113,-20.2713],[54.3109,-20.2727],[54.3106,-20.2741],[54.3103,-20.2756],[54.3101,-20.2771],[54.31,-20.2785],[54.31,-20.28],[54.31,-20.2815],[54.3101,-20.2829],[54.3103,-20.2844],[54.3106,-20.2859],[54.3109,-20.2873],[54.3113,-20.2887],[54.3118,-20.2901],[54.3123,-20.2915],[54.3129,-20.2928],[54.3135,-20.2941],[54.3143,-20.2954],[54.3151,-20.2967],[54.3159,-20.2979],[54.3168,-20.299],[54.3178,-20.3001],[54.3188,-20.3012],[54.3199,-20.3022],[54.321,-20.3032],[54.3221,-20.3041],[54.3233,-20.3049],[54.3246,-20.3057],[54.3259,-20.3065],[54.3272,-20.3071],[54.3285,-20.3077],[54.3299,-20.3082],[54.3313,-20.3087],[54.3327,-20.3091],[54.3341,-20.3094],[54.3356,-20.3097],[54.3371,-20.3099],[54.3385,-20.31],[54.34,-20.31]]]},"properties":{"eventtype":"TC","eventid":1001041,"episodeid":14,"eventname":"BELAL-24","glide":"","name":"Tropical Cyclone BELAL-24","description":"Tropical Cyclone BELAL-24","htmldescription":"Orange Tropical Cyclone BELAL-24 in Miscellaneous (French) Indian Ocean Islands, Mauritius, Madagascar from: 12 Jan 2024  to: 19 Jan 2024 .","icon":"https://www.gdacs.org/images/gdacs_icons/maps/Green/TC.png","iconoverall":"https://www.gdacs.org/images/gdacs_icons/maps/Orange/TC.png","url":{"geometry":"https://www.gdacs.org/gdacsapi/api/polygons/getgeometry?eventtype=TC&eventid=1001041&episodeid=14","report":"https://www.gdacs.org/report.aspx?eventid=1001041&episodeid=14&eventtype=TC","details":"https://www.gdacs.org/gdacsapi/api/events/geteventdata?eventtype=TC&eventid=1001041"},"alertlevel":"Orange","alertscore":2,"episodealertlevel":"Green","episodealertscore":1.0,"istemporary":"false","iscurrent":"false","country":"Miscellaneous (French) Indian Ocean Islands, Mauritius, Madagascar","fromdate":"2024-01-12T16:00:00","todate":"2024-01-19T04:00:00","datemodified":"2024-05-03T10:03:15","iso3":"REU","source":"RSMC","sourceid":"","polygondate":"2024-01-15T22:00:00","polygonlabel":"15/01 04:00 UTC","countryonland":"Miscellaneous (French) Indian Ocean Islands","affectedcountries":[{"iso2":"MU","iso3":"MUS","countryname":"Mauritius"},{"iso2":"MG","iso3":"MDG","countryname":"Madagascar"}],"severitydata":{"severity":158.33232,"severitytext":"Remnant Low (maximum wind speed of 158 km/h)","severityunit":"km/h"},"featuretype":"PointRadii","key":"01150400","Class":"Point_Polygon_Point_11","iconeventlink":"https://www.gdacs.org/images/gdacs_icons/maps/Green/TC.png","iconitemlink":"https://www.gdacs.org/images/gdacs_icons/maps/Green/TC.png"}},{"type":"Feature","bbox":[55.32,-20.76,55.38,-20.7],"geometry":{"type":"Polygon","coordinates":[[[55.35,-20.76],[55.3515,-20.76],[55.3529,-20.7599],[55.3544,-20.7597],[55.3559,-20.7594],[55.3573,-20.7591],[55.3587,-20.7587],[55.3601,-20.7582],[55.3615,-20.7577],[55.3628,-20.7571],[55.3641,-20.7565],[55.3654,-20.7557],[55.3667,-20.7549],[55.3679,-20.7541],[55.369,-20.7532],[55.3701,-20.7522],[55.3712,-20.7512],[55.3722,-20.7501],[55.3732,-20.749],[55.3741,-20.7479],[55.3749,-20.7467],[55.3757,-20.7454],[55.3765,-20.7441],[55.3771,-20.7428],[55.3777,-20.7415],[55.3782,-20.7401],[55.3787,-20.7387],[55.3791,-20.7373],[55.3794,-20.7359],[55.3797,-20.7344],[55.3799,-20.7329],[55.38,-20.7315],[55.38,-20.73],[55.38,-20.7285],[55.3799,-20.7271],[55.3797,-20.7256],[55.3794,-20.7241],[55.3791,-20.7227],[55.3787,-20.7213],[55.3782,-20.7199],[55.3777,-20.7185],[55.3771,-20.7172],[55.3765,-20.7159],[55.3757,-20.7146],[55.3749,-20.7133],[55.3741,-20.7121],[55.3732,-20.711],[55.3722,-20.7099],[55.3712,-20.7088],[55.3701,-20.7078],[55.369,-20.7068],[55.3679,-20.7059],[55.3667,-20.7051],[55.3654,-20.7043],[55.3641,-20.7035],[55.3628,-20.7029],[55.3615,-20.7023],[55.3601,-20.7018],[55.3587,-20.7013],[55.3573,-20.7009],[55.3559,-20.7006],[55.3544,-20.7003],[55.3529,-20.7001],[55.3515,-20.7],[55.35,-20.7],[55.3485,-20.7],[55.3471,-20.7001],[55.3456,-20.7003],[55.3441,-20.7006],[55.3427,-20.7009],[55.3413,-20.7013],[55.3399,-20.7018],[55.3385,-20.7023],[55.3372,-20.7029],[55.3359,-20.7035],[55.3346,-20.7043],[55.3333,-20.7051],[55.3321,-20.7059],[55.331,-20.7068],[55.3299,-20.7078],[55.3288,-20.7088],[55.3278,-20.7099],[55.3268,-20.711],[55.3259,-20.7121],[55.3251,-20.7133],[55.3243,-20.7146],[55.3235,-20.7159],[55.3229,-20.7172],[55.3223,-20.7185],[55.3218,-20.7199],[55.3213,-20.7213],[55.3209,-20.7227],[55.3206,-20.7241],[55.3203,-20.7256],[55.3201,-20.7271],[55.32,-20.7285],[55.32,-20.73],[55.32,-20.7315],[55.3201,-20.7329],[55.3203,-20.7344],[55.3206,-20.7359],[55.3209,-20.7373],[55.3213,-20.7387],[55.3218,-20.7401],[55.3223,-20.7415],[55.3229,-20.7428],[55.3235,-20.7441],[55.3243,-20.7454],[55.3251,-20.7467],[55.3259,-20.7479],[55.3268,-20.749],[55.3278,-20.7501],[55.3288,-20.7512],[55.3299,-20.7522],[55.331,-20.7532],[55.3321,-20.7541],[55.3333,-20.7549],[55.3346,-20.7557],[55.3359,-20.7565],[55.3372,-20.7571],[55.3385,-20.7577],[55.3399,-20.7582],[55.3413,-20.7587],[55.3427,-20.7591],[55.3441,-20.7594],[55.3456,-20.7597],[55.3471,-20.7599],[55.3485,-20.76],[55.35,-20.76]]]},"properties":{"eventtype":"TC","eventid":1001041,"episodeid":14,"eventname":"BELAL-24","glide":"","name":"Tropical Cyclone BELAL-24","description":"Tropical Cyclone BELAL-24","htmldescription":"Orange Tropical Cyclone BELAL-24 in Miscellaneous (French) Indian Ocean Islands, Mauritius, Madagascar from: 12 Jan 2024  to: 19 Jan 2024 .","icon":"https://www.gdacs.org/images/gdacs_icons/maps/Green/TC.png","iconoverall":"https://www.gdacs.org/images/gdacs_icons/maps/Orange/TC.png","url":{"geometry":"https://www.gdacs.org/gdacsapi/api/polygons/getgeometry?eventtype=TC&eventid=1001041&episodeid=14","report":"https://www.gdacs.org/report.aspx?eventid=1001041&episodeid=14&eventtype=TC","details":"https://www.gdacs.org/gdacsapi/api/events/geteventdata?eventtype=TC&eventid=1001041"},"alertlevel":"Orange","alertscore":2,"episodealertlevel":"Green","episodealertscore":1.0,"istemporary":"false","iscurrent":"false","country":"Miscellaneous (French) Indian Ocean Islands, Mauritius, Madagascar","fromdate":"2024-01-12T16:00:00","todate":"2024-01-19T04:00:00","datemodified":"2024-05-03T10:03:15","iso3":"REU","source":"RSMC","sourceid":"","polygondate":"2024-01-15T22:00:00","polygonlabel":"15/01 10:00 UTC","countryonland":"Miscellaneous (French) Indian Ocean Islands","affectedcountries":[{"iso2":"MU","iso3":"MUS","countryname":"Mauritius"},{"iso2":"MG","iso3":"MDG","countryname":"Madagascar"}],"severitydata":{"severity":158.33232,"severitytext":"Remnant Low (maximum wind speed of 158 km/h)","severityunit":"km/h"},"featuretype":"PointRadii","key":"01151000","Class":"Point_Polygon_Point_12","iconeventlink":"https://www.gdacs.org/images/gdacs_icons/maps/Green/TC.png","iconitemlink":"https://www.gdacs.org/images/gdacs_icons/maps/Green/TC.png"}},{"type":"Feature","bbox":[56.14,-21.43,56.2,-21.37],"geometry":{"type":"Polygon","coordinates":[[[56.17,-21.43],[56.1715,-21.43],[56.1729,-21.4299],[56.1744,-21.4297],[56.1759,-21.4294],[56.1773,-21.4291],[56.1787,-21.4287],[56.1801,-21.4282],[56.1815,-21.4277],[56.1828,-21.4271],[56.1841,-21.4265],[56.1854,-21.4257],[56.1867,-21.4249],[56.1879,-21.4241],[56.189,-21.4232],[56.1901,-21.4222],[56.1912,-21.4212],[56.1922,-21.4201],[56.1932,-21.419],[56.1941,-21.4179],[56.1949,-21.4167],[56.1957,-21.4154],[56.1965,-21.4141],[56.1971,-21.4128],[56.1977,-21.4115],[56.1982,-21.4101],[56.1987,-21.4087],[56.1991,-21.4073],[56.1994,-21.4059],[56.1997,-21.4044],[56.1999,-21.4029],[56.2,-21.4015],[56.2,-21.4],[56.2,-21.3985],[56.1999,-21.3971],[56.1997,-21.3956],[56.1994,-21.3941],[56.1991,-21.3927],[56.1987,-21.3913],[56.1982,-21.3899],[56.1977,-21.3885],[56.1971,-21.3872],[56.1965,-21.3859],[56.1957,-21.3846],[56.1949,-21.3833],[56.1941,-21.3821],[56.1932,-21.381],[56.1922,-21.3799],[56.1912,-21.3788],[56.1901,-21.3778],[56.189,-21.3768],[56.1879,-21.3759],[56.1867,-21.3751],[56.1854,-21.3743],[56.1841,-21.3735],[56.1828,-21.3729],[56.1815,-21.3723],[56.1801,-21.3718],[56.1787,-21.3713],[56.1773,-21.3709],[56.1759,-21.3706],[56.1744,-21.3703],[56.1729,-21.3701],[56.1715,-21.37],[56.17,-21.37],[56.1685,-21.37],[56.1671,-21.3701],[56.1656,-21.3703],[56.1641,-21.3706],[56.1627,-21.3709],[56.1613,-21.3713],[56.1599,-21.3718],[56.1585,-21.3723],[56.1572,-21.3729],[56.1559,-21.3735],[56.1546,-21.3743],[56.1533,-21.3751],[56.1521,-21.3759],[56.151,-21.3768],[56.1499,-21.3778],[56.1488,-21.3788],[56.1478,-21.3799],[56.1468,-21.381],[56.1459,-21.3821],[56.1451,-21.3833],[56.1443,-21.3846],[56.1435,-21.3859],[56.1429,-21.3872],[56.1423,-21.3885],[56.1418,-21.3899],[56.1413,-21.3913],[56.1409,-21.3927],[56.1406,-21.3941],[56.1403,-21.3956],[56.1401,-21.3971],[56.14,-21.3985],[56.14,-21.4],[56.14,-21.4015],[56.1401,-21.4029],[56.1403,-21.4044],[56.1406,-21.4059],[56.1409,-21.4073],[56.1413,-21.4087],[56.1418,-21.4101],[56.1423,-21.4115],[56.1429,-21.4128],[56.1435,-21.4141],[56.1443,-21.4154],[56.1451,-21.4167],[56.1459,-21.4179],[56.1468,-21.419],[56.1478,-21.4201],[56.1488,-21.4212],[56.1499,-21.4222],[56.151,-21.4232],[56.1521,-21.4241],[56.1533,-21.4249],[56.1546,-21.4257],[56.1559,-21.4265],[56.1572,-21.4271],[56.1585,-21.4277],[56.1599,-21.4282],[56.1613,-21.4287],[56.1627,-21.4291],[56.1641,-21.4294],[56.1656,-21.4297],[56.1671,-21.4299],[56.1685,-21.43],[56.17,-21.43]]]},"properties":{"eventtype":"TC","eventid":1001041,"episodeid":14,"eventname":"BELAL-24","glide":"","name":"Tropical Cyclone BELAL-24","description":"Tropical Cyclone BELAL-24","htmldescription":"Orange Tropical Cyclone BELAL-24 in Miscellaneous (French) Indian Ocean Islands, Mauritius, Madagascar from: 12 Jan 2024  to: 19 Jan 2024 .","icon":"https://www.gdacs.org/images/gdacs_icons/maps/Green/TC.png","iconoverall":"https://www.gdacs.org/images/gdacs_icons/maps/Orange/TC.png","url":{"geometry":"https://www.gdacs.org/gdacsapi/api/polygons/getgeometry?eventtype=TC&eventid=1001041&episodeid=14","report":"https://www.gdacs.org/report.aspx?eventid=1001041&episodeid=14&eventtype=TC","details":"https://www.gdacs.org/gdacsapi/api/events/geteventdata?eventtype=TC&eventid=1001041"},"alertlevel":"Orange","alertscore":2,"episodealertlevel":"Green","episodealertscore":1.0,"istemporary":"false","iscurrent":"false","country":"Miscellaneous (French) Indian Ocean Islands, Mauritius, Madagascar","fromdate":"2024-01-12T16:00:00","todate":"2024-01-19T04:00:00","datemodified":"2024-05-03T10:03:15","iso3":"REU","source":"RSMC","sourceid":"","polygondate":"2024-01-15T22:00:00","polygonlabel":"15/01 16:00 UTC","countryonland":"Miscellaneous (French) Indian Ocean Islands","affectedcountries":[{"iso2":"MU","iso3":"MUS","countryname":"Mauritius"},{"iso2":"MG","iso3":"MDG","countryname":"Madagascar"}],"severitydata":{"severity":158.33232,"severitytext":"Remnant Low (maximum wind speed of 158 km/h)","severityunit":"km/h"},"featuretype":"PointRadii","key":"01151600","Class":"Point_Polygon_Point_13","iconeventlink":"https://www.gdacs.org/images/gdacs_icons/maps/Green/TC.png","iconitemlink":"https://www.gdacs.org/images/gdacs_icons/maps/Green/TC.png"}},{"type":"Feature","bbox":[56.85,-21.7,56.91,-21.64],"geometry":{"type":"Polygon","coordinates":[[[56.88,-21.7],[56.8815,-21.7],[56.8829,-21.6999],[56.8844,-21.6997],[56.8859,-21.6994],[56.8873,-21.6991],[56.8887,-21.6987],[56.8901,-21.6982],[56.8915,-21.6977],[56.8928,-21.6971],[56.8941,-21.6965],[56.8954,-21.6957],[56.8967,-21.6949],[56.8979,-21.6941],[56.899,-21.6932],[56.9001,-21.6922],[56.9012,-21.6912],[56.9022,-21.6901],[56.9032,-21.689],[56.9041,-21.6879],[56.9049,-21.6867],[56.9057,-21.6854],[56.9065,-21.6841],[56.9071,-21.6828],[56.9077,-21.6815],[56.9082,-21.6801],[56.9087,-21.6787],[56.9091,-21.6773],[56.9094,-21.6759],[56.9097,-21.6744],[56.9099,-21.6729],[56.91,-21.6715],[56.91,-21.67],[56.91,-21.6685],[56.9099,-21.6671],[56.9097,-21.6656],[56.9094,-21.6641],[56.9091,-21.6627],[56.9087,-21.6613],[56.9082,-21.6599],[56.9077,-21.6585],[56.9071,-21.6572],[56.9065,-21.6559],[56.9057,-21.6546],[56.9049,-21.6533],[56.9041,-21.6521],[56.9032,-21.651],[56.9022,-21.6499],[56.9012,-21.6488],[56.9001,-21.6478],[56.899,-21.6468],[56.8979,-21.6459],[56.8967,-21.6451],[56.8954,-21.6443],[56.8941,-21.6435],[56.8928,-21.6429],[56.8915,-21.6423],[56.8901,-21.6418],[56.8887,-21.6413],[56.8873,-21.6409],[56.8859,-21.6406],[56.8844,-21.6403],[56.8829,-21.6401],[56.8815,-21.64],[56.88,-21.64],[56.8785,-21.64],[56.8771,-21.6401],[56.8756,-21.6403],[56.8741,-21.6406],[56.8727,-21.6409],[56.8713,-21.6413],[56.8699,-21.6418],[56.8685,-21.6423],[56.8672,-21.6429],[56.8659,-21.6435],[56.8646,-21.6443],[56.8633,-21.6451],[56.8621,-21.6459],[56.861,-21.6468],[56.8599,-21.6478],[56.8588,-21.6488],[56.8578,-21.6499],[56.8568,-21.651],[56.8559,-21.6521],[56.8551,-21.6533],[56.8543,-21.6546],[56.8535,-21.6559],[56.8529,-21.6572],[56.8523,-21.6585],[56.8518,-21.6599],[56.8513,-21.6613],[56.8509,-21.6627],[56.8506,-21.6641],[56.8503,-21.6656],[56.8501,-21.6671],[56.85,-21.6685],[56.85,-21.67],[56.85,-21.6715],[56.8501,-21.6729],[56.8503,-21.6744],[56.8506,-21.6759],[56.8509,-21.6773],[56.8513,-21.6787],[56.8518,-21.6801],[56.8523,-21.6815],[56.8529,-21.6828],[56.8535,-21.6841],[56.8543,-21.6854],[56.8551,-21.6867],[56.8559,-21.6879],[56.8568,-21.689],[56.8578,-21.6901],[56.8588,-21.6912],[56.8599,-21.6922],[56.861,-21.6932],[56.8621,-21.6941],[56.8633,-21.6949],[56.8646,-21.6957],[56.8659,-21.6965],[56.8672,-21.6971],[56.8685,-21.6977],[56.8699,-21.6982],[56.8713,-21.6987],[56.8727,-21.6991],[56.8741,-21.6994],[56.8756,-21.6997],[56.8771,-21.6999],[56.8785,-21.7],[56.88,-21.7]]]},"properties":{"eventtype":"TC","eventid":1001041,"episodeid":14,"eventname":"BELAL-24","glide":"","name":"Tropical Cyclone BELAL-24","description":"Tropical Cyclone BELAL-24","htmldescription":"Orange Tropical Cyclone BELAL-24 in Miscellaneous (French) Indian Ocean Islands, Mauritius, Madagascar from: 12 Jan 2024  to: 19 Jan 2024 .","icon":"https://www.gdacs.org/images/gdacs_icons/maps/Green/TC.png","iconoverall":"https://www.gdacs.org/images/gdacs_icons/maps/Orange/TC.png","url":{"geometry":"https://www.gdacs.org/gdacsapi/api/polygons/getgeometry?eventtype=TC&eventid=1001041&episodeid=14","report":"https://www.gdacs.org/report.aspx?eventid=1001041&episodeid=14&eventtype=TC","details":"https://www.gdacs.org/gdacsapi/api/events/geteventdata?eventtype=TC&eventid=1001041"},"alertlevel":"Orange","alertscore":2,"episodealertlevel":"Green","episodealertscore":1.0,"istemporary":"false","iscurrent":"false","country":"Miscellaneous (French) Indian Ocean Islands, Mauritius, Madagascar","fromdate":"2024-01-12T16:00:00","todate":"2024-01-19T04:00:00","datemodified":"2024-05-03T10:03:15","iso3":"REU","source":"RSMC","sourceid":"","polygondate":"2024-01-15T22:00:00","polygonlabel":"15/01 22:00 UTC","countryonland":"Miscellaneous (French) Indian Ocean Islands","affectedcountries":[{"iso2":"MU","iso3":"MUS","countryname":"Mauritius"},{"iso2":"MG","iso3":"MDG","countryname":"Madagascar"}],"severitydata":{"severity":158.33232,"severitytext":"Remnant Low (maximum wind speed of 158 km/h)","severityunit":"km/h"},"featuretype":"PointRadii","key":"01152200","Class":"Point_Polygon_Point_14","iconeventlink":"https://www.gdacs.org/images/gdacs_icons/maps/Green/TC.png","iconitemlink":"https://www.gdacs.org/images/gdacs_icons/maps/Green/TC.png"}},{"type":"Feature","bbox":[57.95,-22.24,58.01,-22.18],"geometry":{"type":"Polygon","coordinates":[[[57.98,-22.24],[57.9815,-22.24],[57.9829,-22.2399],[57.9844,-22.2397],[57.9859,-22.2394],[57.9873,-22.2391],[57.9887,-22.2387],[57.9901,-22.2382],[57.9915,-22.2377],[57.9928,-22.2371],[57.9941,-22.2365],[57.9954,-22.2357],[57.9967,-22.2349],[57.9979,-22.2341],[57.999,-22.2332],[58.0001,-22.2322],[58.0012,-22.2312],[58.0022,-22.2301],[58.0032,-22.229],[58.0041,-22.2279],[58.0049,-22.2267],[58.0057,-22.2254],[58.0065,-22.2241],[58.0071,-22.2228],[58.0077,-22.2215],[58.0082,-22.2201],[58.0087,-22.2187],[58.0091,-22.2173],[58.0094,-22.2159],[58.0097,-22.2144],[58.0099,-22.2129],[58.01,-22.2115],[58.01,-22.21],[58.01,-22.2085],[58.0099,-22.2071],[58.0097,-22.2056],[58.0094,-22.2041],[58.0091,-22.2027],[58.0087,-22.2013],[58.0082,-22.1999],[58.0077,-22.1985],[58.0071,-22.1972],[58.0065,-22.1959],[58.0057,-22.1946],[58.0049,-22.1933],[58.0041,-22.1921],[58.0032,-22.191],[58.0022,-22.1899],[58.0012,-22.1888],[58.0001,-22.1878],[57.999,-22.1868],[57.9979,-22.1859],[57.9967,-22.1851],[57.9954,-22.1843],[57.9941,-22.1835],[57.9928,-22.1829],[57.9915,-22.1823],[57.9901,-22.1818],[57.9887,-22.1813],[57.9873,-22.1809],[57.9859,-22.1806],[57.9844,-22.1803],[57.9829,-22.1801],[57.9815,-22.18],[57.98,-22.18],[57.9785,-22.18],[57.9771,-22.1801],[57.9756,-22.1803],[57.9741,-22.1806],[57.9727,-22.1809],[57.9713,-22.1813],[57.9699,-22.1818],[57.9685,-22.1823],[57.9672,-22.1829],[57.9659,-22.1835],[57.9646,-22.1843],[57.9633,-22.1851],[57.9621,-22.1859],[57.961,-22.1868],[57.9599,-22.1878],[57.9588,-22.1888],[57.9578,-22.1899],[57.9568,-22.191],[57.9559,-22.1921],[57.9551,-22.1933],[57.9543,-22.1946],[57.9535,-22.1959],[57.9529,-22.1972],[57.9523,-22.1985],[57.9518,-22.1999],[57.9513,-22.2013],[57.9509,-22.2027],[57.9506,-22.2041],[57.9503,-22.2056],[57.9501,-22.2071],[57.95,-22.2085],[57.95,-22.21],[57.95,-22.2115],[57.9501,-22.2129],[57.9503,-22.2144],[57.9506,-22.2159],[57.9509,-22.2173],[57.9513,-22.2187],[57.9518,-22.2201],[57.9523,-22.2215],[57.9529,-22.2228],[57.9535,-22.2241],[57.9543,-22.2254],[57.9551,-22.2267],[57.9559,-22.2279],[57.9568,-22.229],[57.9578,-22.2301],[57.9588,-22.2312],[57.9599,-22.2322],[57.961,-22.2332],[57.9621,-22.2341],[57.9633,-22.2349],[57.9646,-22.2357],[57.9659,-22.2365],[57.9672,-22.2371],[57.9685,-22.2377],[57.9699,-22.2382],[57.9713,-22.2387],[57.9727,-22.2391],[57.9741,-22.2394],[57.9756,-22.2397],[57.9771,-22.2399],[57.9785,-22.24],[57.98,-22.24]]]},"properties":{"eventtype":"TC","eventid":1001041,"episodeid":14,"eventname":"BELAL-24","glide":"","name":"Tropical Cyclone BELAL-24","description":"Tropical Cyclone BELAL-24","htmldescription":"Orange Tropical Cyclone BELAL-24 in Miscellaneous (French) Indian Ocean Islands, Mauritius, Madagascar from: 12 Jan 2024  to: 19 Jan 2024 .","icon":"https://www.gdacs.org/images/gdacs_icons/maps/Green/TC.png","iconoverall":"https://www.gdacs.org/images/gdacs_icons/maps/Orange/TC.png","url":{"geometry":"https://www.gdacs.org/gdacsapi/api/polygons/getgeometry?eventtype=TC&eventid=1001041&episodeid=14","report":"https://www.gdacs.org/report.aspx?eventid=1001041&episodeid=14&eventtype=TC","details":"https://www.gdacs.org/gdacsapi/api/events/geteventdata?eventtype=TC&eventid=1001041"},"alertlevel":"Orange","alertscore":2,"episodealertlevel":"Green","episodealertscore":1.0,"istemporary":"false","iscurrent":"false","country":"Miscellaneous (French) Indian Ocean Islands, Mauritius, Madagascar","fromdate":"2024-01-12T16:00:00","todate":"2024-01-19T04:00:00","datemodified":"2024-05-03T10:03:15","iso3":"REU","source":"RSMC","sourceid":"","polygondate":"2024-01-15T22:00:00","polygonlabel":"16/01 10:00 UTC","countryonland":"Miscellaneous (French) Indian Ocean Islands","affectedcountries":[{"iso2":"MU","iso3":"MUS","countryname":"Mauritius"},{"iso2":"MG","iso3":"MDG","countryname":"Madagascar"}],"severitydata":{"severity":158.33232,"severitytext":"Remnant Low (maximum wind speed of 158 km/h)","severityunit":"km/h"},"featuretype":"PointRadii","key":"01161000","Class":"Point_Polygon_Point_15","iconeventlink":"https://www.gdacs.org/images/gdacs_icons/maps/Green/TC.png","iconitemlink":"https://www.gdacs.org/images/gdacs_icons/maps/Green/TC.png"}},{"type":"Feature","bbox":[59.94,-22.74,60.0,-22.68],"geometry":{"type":"Polygon","coordinates":[[[59.97,-22.74],[59.9715,-22.74],[59.9729,-22.7399],[59.9744,-22.7397],[59.9759,-22.7394],[59.9773,-22.7391],[59.9787,-22.7387],[59.9801,-22.7382],[59.9815,-22.7377],[59.9828,-22.7371],[59.9841,-22.7365],[59.9854,-22.7357],[59.9867,-22.7349],[59.9879,-22.7341],[59.989,-22.7332],[59.9901,-22.7322],[59.9912,-22.7312],[59.9922,-22.7301],[59.9932,-22.729],[59.9941,-22.7279],[59.9949,-22.7267],[59.9957,-22.7254],[59.9965,-22.7241],[59.9971,-22.7228],[59.9977,-22.7215],[59.9982,-22.7201],[59.9987,-22.7187],[59.9991,-22.7173],[59.9994,-22.7159],[59.9997,-22.7144],[59.9999,-22.7129],[60.0,-22.7115],[60.0,-22.71],[60.0,-22.7085],[59.9999,-22.7071],[59.9997,-22.7056],[59.9994,-22.7041],[59.9991,-22.7027],[59.9987,-22.7013],[59.9982,-22.6999],[59.9977,-22.6985],[59.9971,-22.6972],[59.9965,-22.6959],[59.9957,-22.6946],[59.9949,-22.6933],[59.9941,-22.6921],[59.9932,-22.691],[59.9922,-22.6899],[59.9912,-22.6888],[59.9901,-22.6878],[59.989,-22.6868],[59.9879,-22.6859],[59.9867,-22.6851],[59.9854,-22.6843],[59.9841,-22.6835],[59.9828,-22.6829],[59.9815,-22.6823],[59.9801,-22.6818],[59.9787,-22.6813],[59.9773,-22.6809],[59.9759,-22.6806],[59.9744,-22.6803],[59.9729,-22.6801],[59.9715,-22.68],[59.97,-22.68],[59.9685,-22.68],[59.9671,-22.6801],[59.9656,-22.6803],[59.9641,-22.6806],[59.9627,-22.6809],[59.9613,-22.6813],[59.9599,-22.6818],[59.9585,-22.6823],[59.9572,-22.6829],[59.9559,-22.6835],[59.9546,-22.6843],[59.9533,-22.6851],[59.9521,-22.6859],[59.951,-22.6868],[59.9499,-22.6878],[59.9488,-22.6888],[59.9478,-22.6899],[59.9468,-22.691],[59.9459,-22.6921],[59.9451,-22.6933],[59.9443,-22.6946],[59.9435,-22.6959],[59.9429,-22.6972],[59.9423,-22.6985],[59.9418,-22.6999],[59.9413,-22.7013],[59.9409,-22.7027],[59.9406,-22.7041],[59.9403,-22.7056],[59.9401,-22.7071],[59.94,-22.7085],[59.94,-22.71],[59.94,-22.7115],[59.9401,-22.7129],[59.9403,-22.7144],[59.9406,-22.7159],[59.9409,-22.7173],[59.9413,-22.7187],[59.9418,-22.7201],[59.9423,-22.7215],[59.9429,-22.7228],[59.9435,-22.7241],[59.9443,-22.7254],[59.9451,-22.7267],[59.9459,-22.7279],[59.9468,-22.729],[59.9478,-22.7301],[59.9488,-22.7312],[59.9499,-22.7322],[59.951,-22.7332],[59.9521,-22.7341],[59.9533,-22.7349],[59.9546,-22.7357],[59.9559,-22.7365],[59.9572,-22.7371],[59.9585,-22.7377],[59.9599,-22.7382],[59.9613,-22.7387],[59.9627,-22.7391],[59.9641,-22.7394],[59.9656,-22.7397],[59.9671,-22.7399],[59.9685,-22.74],[59.97,-22.74]]]},"properties":{"eventtype":"TC","eventid":1001041,"episodeid":14,"eventname":"BELAL-24","glide":"","name":"Tropical Cyclone BELAL-24","description":"Tropical Cyclone BELAL-24","htmldescription":"Orange Tropical Cyclone BELAL-24 in Miscellaneous (French) Indian Ocean Islands, Mauritius, Madagascar from: 12 Jan 2024  to: 19 Jan 2024 .","icon":"https://www.gdacs.org/images/gdacs_icons/maps/Green/TC.png","iconoverall":"https://www.gdacs.org/images/gdacs_icons/maps/Orange/TC.png","url":{"geometry":"https://www.gdacs.org/gdacsapi/api/polygons/getgeometry?eventtype=TC&eventid=1001041&episodeid=14","report":"https://www.gdacs.org/report.aspx?eventid=1001041&episodeid=14&eventtype=TC","details":"https://www.gdacs.org/gdacsapi/api/events/geteventdata?eventtype=TC&eventid=1001041"},"alertlevel":"Orange","alertscore":2,"episodealertlevel":"Green","episodealertscore":1.0,"istemporary":"false","iscurrent":"false","country":"Miscellaneous (French) Indian Ocean Islands, Mauritius, Madagascar","fromdate":"2024-01-12T16:00:00","todate":"2024-01-19T04:00:00","datemodified":"2024-05-03T10:03:15","iso3":"REU","source":"RSMC","sourceid":"","polygondate":"2024-01-15T22:00:00","polygonlabel":"16/01 22:00 UTC","countryonland":"Miscellaneous (French) Indian Ocean Islands","affectedcountries":[{"iso2":"MU","iso3":"MUS","countryname":"Mauritius"},{"iso2":"MG","iso3":"MDG","countryname":"Madagascar"}],"severitydata":{"severity":158.33232,"severitytext":"Remnant Low (maximum wind speed of 158 km/h)","severityunit":"km/h"},"featuretype":"PointRadii","key":"01162200","Class":"Point_Polygon_Point_16","iconeventlink":"https://www.gdacs.org/images/gdacs_icons/maps/Green/TC.png","iconitemlink":"https://www.gdacs.org/images/gdacs_icons/maps/Green/TC.png"}},{"type":"Feature","bbox":[61.52,-22.76,61.58,-22.7],"geometry":{"type":"Polygon","coordinates":[[[61.55,-22.76],[61.5515,-22.76],[61.5529,-22.7599],[61.5544,-22.7597],[61.5559,-22.7594],[61.5573,-22.7591],[61.5587,-22.7587],[61.5601,-22.7582],[61.5615,-22.7577],[61.5628,-22.7571],[61.5641,-22.7565],[61.5654,-22.7557],[61.5667,-22.7549],[61.5679,-22.7541],[61.569,-22.7532],[61.5701,-22.7522],[61.5712,-22.7512],[61.5722,-22.7501],[61.5732,-22.749],[61.5741,-22.7479],[61.5749,-22.7467],[61.5757,-22.7454],[61.5765,-22.7441],[61.5771,-22.7428],[61.5777,-22.7415],[61.5782,-22.7401],[61.5787,-22.7387],[61.5791,-22.7373],[61.5794,-22.7359],[61.5797,-22.7344],[61.5799,-22.7329],[61.58,-22.7315],[61.58,-22.73],[61.58,-22.7285],[61.5799,-22.7271],[61.5797,-22.7256],[61.5794,-22.7241],[61.5791,-22.7227],[61.5787,-22.7213],[61.5782,-22.7199],[61.5777,-22.7185],[61.5771,-22.7172],[61.5765,-22.7159],[61.5757,-22.7146],[61.5749,-22.7133],[61.5741,-22.7121],[61.5732,-22.711],[61.5722,-22.7099],[61.5712,-22.7088],[61.5701,-22.7078],[61.569,-22.7068],[61.5679,-22.7059],[61.5667,-22.7051],[61.5654,-22.7043],[61.5641,-22.7035],[61.5628,-22.7029],[61.5615,-22.7023],[61.5601,-22.7018],[61.5587,-22.7013],[61.5573,-22.7009],[61.5559,-22.7006],[61.5544,-22.7003],[61.5529,-22.7001],[61.5515,-22.7],[61.55,-22.7],[61.5485,-22.7],[61.5471,-22.7001],[61.5456,-22.7003],[61.5441,-22.7006],[61.5427,-22.7009],[61.5413,-22.7013],[61.5399,-22.7018],[61.5385,-22.7023],[61.5372,-22.7029],[61.5359,-22.7035],[61.5346,-22.7043],[61.5333,-22.7051],[61.5321,-22.7059],[61.531,-22.7068],[61.5299,-22.7078],[61.5288,-22.7088],[61.5278,-22.7099],[61.5268,-22.711],[61.5259,-22.7121],[61.5251,-22.7133],[61.5243,-22.7146],[61.5235,-22.7159],[61.5229,-22.7172],[61.5223,-22.7185],[61.5218,-22.7199],[61.5213,-22.7213],[61.5209,-22.7227],[61.5206,-22.7241],[61.5203,-22.7256],[61.5201,-22.7271],[61.52,-22.7285],[61.52,-22.73],[61.52,-22.7315],[61.5201,-22.7329],[61.5203,-22.7344],[61.5206,-22.7359],[61.5209,-22.7373],[61.5213,-22.7387],[61.5218,-22.7401],[61.5223,-22.7415],[61.5229,-22.7428],[61.5235,-22.7441],[61.5243,-22.7454],[61.5251,-22.7467],[61.5259,-22.7479],[61.5268,-22.749],[61.5278,-22.7501],[61.5288,-22.7512],[61.5299,-22.7522],[61.531,-22.7532],[61.5321,-22.7541],[61.5333,-22.7549],[61.5346,-22.7557],[61.5359,-22.7565],[61.5372,-22.7571],[61.5385,-22.7577],[61.5399,-22.7582],[61.5413,-22.7587],[61.5427,-22.7591],[61.5441,-22.7594],[61.5456,-22.7597],[61.5471,-22.7599],[61.5485,-22.76],[61.55,-22.76]]]},"properties":{"eventtype":"TC","eventid":1001041,"episodeid":14,"eventname":"BELAL-24","glide":"","name":"Tropical Cyclone BELAL-24","description":"Tropical Cyclone BELAL-24","htmldescription":"Orange Tropical Cyclone BELAL-24 in Miscellaneous (French) Indian Ocean Islands, Mauritius, Madagascar from: 12 Jan 2024  to: 19 Jan 2024 .","icon":"https://www.gdacs.org/images/gdacs_icons/maps/Green/TC.png","iconoverall":"https://www.gdacs.org/images/gdacs_icons/maps/Orange/TC.png","url":{"geometry":"https://www.gdacs.org/gdacsapi/api/polygons/getgeometry?eventtype=TC&eventid=1001041&episodeid=14","report":"https://www.gdacs.org/report.aspx?eventid=1001041&episodeid=14&eventtype=TC","details":"https://www.gdacs.org/gdacsapi/api/events/geteventdata?eventtype=TC&eventid=1001041"},"alertlevel":"Orange","alertscore":2,"episodealertlevel":"Green","episodealertscore":1.0,"istemporary":"false","iscurrent":"false","country":"Miscellaneous (French) Indian Ocean Islands, Mauritius, Madagascar","fromdate":"2024-01-12T16:00:00","todate":"2024-01-19T04:00:00","datemodified":"2024-05-03T10:03:15","iso3":"REU","source":"RSMC","sourceid":"","polygondate":"2024-01-15T22:00:00","polygonlabel":"17/01 10:00 UTC","countryonland":"Miscellaneous (French) Indian Ocean Islands","affectedcountries":[{"iso2":"MU","iso3":"MUS","countryname":"Mauritius"},{"iso2":"MG","iso3":"MDG","countryname":"Madagascar"}],"severitydata":{"severity":158.33232,"severitytext":"Remnant Low (maximum wind speed of 158 km/h)","severityunit":"km/h"},"featuretype":"PointRadii","key":"01171000","Class":"Point_Polygon_Point_17","iconeventlink":"https://www.gdacs.org/images/gdacs_icons/maps/Green/TC.png","iconitemlink":"https://www.gdacs.org/images/gdacs_icons/maps/Green/TC.png"}},{"type":"Feature","bbox":[62.93,-22.55,62.99,-22.49],"geometry":{"type":"Polygon","coordinates":[[[62.96,-22.55],[62.9615,-22.55],[62.9629,-22.5499],[62.9644,-22.5497],[62.9659,-22.5494],[62.9673,-22.5491],[62.9687,-22.5487],[62.9701,-22.5482],[62.9715,-22.5477],[62.9728,-22.5471],[62.9741,-22.5465],[62.9754,-22.5457],[62.9767,-22.5449],[62.9779,-22.5441],[62.979,-22.5432],[62.9801,-22.5422],[62.9812,-22.5412],[62.9822,-22.5401],[62.9832,-22.539],[62.9841,-22.5379],[62.9849,-22.5367],[62.9857,-22.5354],[62.9865,-22.5341],[62.9871,-22.5328],[62.9877,-22.5315],[62.9882,-22.5301],[62.9887,-22.5287],[62.9891,-22.5273],[62.9894,-22.5259],[62.9897,-22.5244],[62.9899,-22.5229],[62.99,-22.5215],[62.99,-22.52],[62.99,-22.5185],[62.9899,-22.5171],[62.9897,-22.5156],[62.9894,-22.5141],[62.9891,-22.5127],[62.9887,-22.5113],[62.9882,-22.5099],[62.9877,-22.5085],[62.9871,-22.5072],[62.9865,-22.5059],[62.9857,-22.5046],[62.9849,-22.5033],[62.9841,-22.5021],[62.9832,-22.501],[62.9822,-22.4999],[62.9812,-22.4988],[62.9801,-22.4978],[62.979,-22.4968],[62.9779,-22.4959],[62.9767,-22.4951],[62.9754,-22.4943],[62.9741,-22.4935],[62.9728,-22.4929],[62.9715,-22.4923],[62.9701,-22.4918],[62.9687,-22.4913],[62.9673,-22.4909],[62.9659,-22.4906],[62.9644,-22.4903],[62.9629,-22.4901],[62.9615,-22.49],[62.96,-22.49],[62.9585,-22.49],[62.9571,-22.4901],[62.9556,-22.4903],[62.9541,-22.4906],[62.9527,-22.4909],[62.9513,-22.4913],[62.9499,-22.4918],[62.9485,-22.4923],[62.9472,-22.4929],[62.9459,-22.4935],[62.9446,-22.4943],[62.9433,-22.4951],[62.9421,-22.4959],[62.941,-22.4968],[62.9399,-22.4978],[62.9388,-22.4988],[62.9378,-22.4999],[62.9368,-22.501],[62.9359,-22.5021],[62.9351,-22.5033],[62.9343,-22.5046],[62.9335,-22.5059],[62.9329,-22.5072],[62.9323,-22.5085],[62.9318,-22.5099],[62.9313,-22.5113],[62.9309,-22.5127],[62.9306,-22.5141],[62.9303,-22.5156],[62.9301,-22.5171],[62.93,-22.5185],[62.93,-22.52],[62.93,-22.5215],[62.9301,-22.5229],[62.9303,-22.5244],[62.9306,-22.5259],[62.9309,-22.5273],[62.9313,-22.5287],[62.9318,-22.5301],[62.9323,-22.5315],[62.9329,-22.5328],[62.9335,-22.5341],[62.9343,-22.5354],[62.9351,-22.5367],[62.9359,-22.5379],[62.9368,-22.539],[62.9378,-22.5401],[62.9388,-22.5412],[62.9399,-22.5422],[62.941,-22.5432],[62.9421,-22.5441],[62.9433,-22.5449],[62.9446,-22.5457],[62.9459,-22.5465],[62.9472,-22.5471],[62.9485,-22.5477],[62.9499,-22.5482],[62.9513,-22.5487],[62.9527,-22.5491],[62.9541,-22.5494],[62.9556,-22.5497],[62.9571,-22.5499],[62.9585,-22.55],[62.96,-22.55]]]},"properties":{"eventtype":"TC","eventid":1001041,"episodeid":14,"eventname":"BELAL-24","glide":"","name":"Tropical Cyclone BELAL-24","description":"Tropical Cyclone BELAL-24","htmldescription":"Orange Tropical Cyclone BELAL-24 in Miscellaneous (French) Indian Ocean Islands, Mauritius, Madagascar from: 12 Jan 2024  to: 19 Jan 2024 .","icon":"https://www.gdacs.org/images/gdacs_icons/maps/Green/TC.png","iconoverall":"https://www.gdacs.org/images/gdacs_icons/maps/Orange/TC.png","url":{"geometry":"https://www.gdacs.org/gdacsapi/api/polygons/getgeometry?eventtype=TC&eventid=1001041&episodeid=14","report":"https://www.gdacs.org/report.aspx?eventid=1001041&episodeid=14&eventtype=TC","details":"https://www.gdacs.org/gdacsapi/api/events/geteventdata?eventtype=TC&eventid=1001041"},"alertlevel":"Orange","alertscore":2,"episodealertlevel":"Green","episodealertscore":1.0,"istemporary":"false","iscurrent":"false","country":"Miscellaneous (French) Indian Ocean Islands, Mauritius, Madagascar","fromdate":"2024-01-12T16:00:00","todate":"2024-01-19T04:00:00","datemodified":"2024-05-03T10:03:15","iso3":"REU","source":"RSMC","sourceid":"","polygondate":"2024-01-15T22:00:00","polygonlabel":"17/01 22:00 UTC","countryonland":"Miscellaneous (French) Indian Ocean Islands","affectedcountries":[{"iso2":"MU","iso3":"MUS","countryname":"Mauritius"},{"iso2":"MG","iso3":"MDG","countryname":"Madagascar"}],"severitydata":{"severity":158.33232,"severitytext":"Remnant Low (maximum wind speed of 158 km/h)","severityunit":"km/h"},"featuretype":"PointRadii","key":"01172200","Class":"Point_Polygon_Point_18","iconeventlink":"https://www.gdacs.org/images/gdacs_icons/maps/Green/TC.png","iconitemlink":"https://www.gdacs.org/images/gdacs_icons/maps/Green/TC.png"}},{"type":"Feature","bbox":[63.39,-22.19,63.45,-22.13],"geometry":{"type":"Polygon","coordinates":[[[63.42,-22.19],[63.4215,-22.19],[63.4229,-22.1899],[63.4244,-22.1897],[63.4259,-22.1894],[63.4273,-22.1891],[63.4287,-22.1887],[63.4301,-22.1882],[63.4315,-22.1877],[63.4328,-22.1871],[63.4341,-22.1865],[63.4354,-22.1857],[63.4367,-22.1849],[63.4379,-22.1841],[63.439,-22.1832],[63.4401,-22.1822],[63.4412,-22.1812],[63.4422,-22.1801],[63.4432,-22.179],[63.4441,-22.1779],[63.4449,-22.1767],[63.4457,-22.1754],[63.4465,-22.1741],[63.4471,-22.1728],[63.4477,-22.1715],[63.4482,-22.1701],[63.4487,-22.1687],[63.4491,-22.1673],[63.4494,-22.1659],[63.4497,-22.1644],[63.4499,-22.1629],[63.45,-22.1615],[63.45,-22.16],[63.45,-22.1585],[63.4499,-22.1571],[63.4497,-22.1556],[63.4494,-22.1541],[63.4491,-22.1527],[63.4487,-22.1513],[63.4482,-22.1499],[63.4477,-22.1485],[63.4471,-22.1472],[63.4465,-22.1459],[63.4457,-22.1446],[63.4449,-22.1433],[63.4441,-22.1421],[63.4432,-22.141],[63.4422,-22.1399],[63.4412,-22.1388],[63.4401,-22.1378],[63.439,-22.1368],[63.4379,-22.1359],[63.4367,-22.1351],[63.4354,-22.1343],[63.4341,-22.1335],[63.4328,-22.1329],[63.4315,-22.1323],[63.4301,-22.1318],[63.4287,-22.1313],[63.4273,-22.1309],[63.4259,-22.1306],[63.4244,-22.1303],[63.4229,-22.1301],[63.4215,-22.13],[63.42,-22.13],[63.4185,-22.13],[63.4171,-22.1301],[63.4156,-22.1303],[63.4141,-22.1306],[63.4127,-22.1309],[63.4113,-22.1313],[63.4099,-22.1318],[63.4085,-22.1323],[63.4072,-22.1329],[63.4059,-22.1335],[63.4046,-22.1343],[63.4033,-22.1351],[63.4021,-22.1359],[63.401,-22.1368],[63.3999,-22.1378],[63.3988,-22.1388],[63.3978,-22.1399],[63.3968,-22.141],[63.3959,-22.1421],[63.3951,-22.1433],[63.3943,-22.1446],[63.3935,-22.1459],[63.3929,-22.1472],[63.3923,-22.1485],[63.3918,-22.1499],[63.3913,-22.1513],[63.3909,-22.1527],[63.3906,-22.1541],[63.3903,-22.1556],[63.3901,-22.1571],[63.39,-22.1585],[63.39,-22.16],[63.39,-22.1615],[63.3901,-22.1629],[63.3903,-22.1644],[63.3906,-22.1659],[63.3909,-22.1673],[63.3913,-22.1687],[63.3918,-22.1701],[63.3923,-22.1715],[63.3929,-22.1728],[63.3935,-22.1741],[63.3943,-22.1754],[63.3951,-22.1767],[63.3959,-22.1779],[63.3968,-22.179],[63.3978,-22.1801],[63.3988,-22.1812],[63.3999,-22.1822],[63.401,-22.1832],[63.4021,-22.1841],[63.4033,-22.1849],[63.4046,-22.1857],[63.4059,-22.1865],[63.4072,-22.1871],[63.4085,-22.1877],[63.4099,-22.1882],[63.4113,-22.1887],[63.4127,-22.1891],[63.4141,-22.1894],[63.4156,-22.1897],[63.4171,-22.1899],[63.4185,-22.19],[63.42,-22.19]]]},"properties":{"eventtype":"TC","eventid":1001041,"episodeid":14,"eventname":"BELAL-24","glide":"","name":"Tropical Cyclone BELAL-24","description":"Tropical Cyclone BELAL-24","htmldescription":"Orange Tropical Cyclone BELAL-24 in Miscellaneous (French) Indian Ocean Islands, Mauritius, Madagascar from: 12 Jan 2024  to: 19 Jan 2024 .","icon":"https://www.gdacs.org/images/gdacs_icons/maps/Green/TC.png","iconoverall":"https://www.gdacs.org/images/gdacs_icons/maps/Orange/TC.png","url":{"geometry":"https://www.gdacs.org/gdacsapi/api/polygons/getgeometry?eventtype=TC&eventid=1001041&episodeid=14","report":"https://www.gdacs.org/report.aspx?eventid=1001041&episodeid=14&eventtype=TC","details":"https://www.gdacs.org/gdacsapi/api/events/geteventdata?eventtype=TC&eventid=1001041"},"alertlevel":"Orange","alertscore":2,"episodealertlevel":"Green","episodealertscore":1.0,"istemporary":"false","iscurrent":"false","country":"Miscellaneous (French) Indian Ocean Islands, Mauritius, Madagascar","fromdate":"2024-01-12T16:00:00","todate":"2024-01-19T04:00:00","datemodified":"2024-05-03T10:03:15","iso3":"REU","source":"RSMC","sourceid":"","polygondate":"2024-01-15T22:00:00","polygonlabel":"18/01 10:00 UTC","countryonland":"Miscellaneous (French) Indian Ocean Islands","affectedcountries":[{"iso2":"MU","iso3":"MUS","countryname":"Mauritius"},{"iso2":"MG","iso3":"MDG","countryname":"Madagascar"}],"severitydata":{"severity":158.33232,"severitytext":"Remnant Low (maximum wind speed of 158 km/h)","severityunit":"km/h"},"featuretype":"PointRadii","key":"01181000","Class":"Point_Polygon_Point_19","iconeventlink":"https://www.gdacs.org/images/gdacs_icons/maps/Green/TC.png","iconitemlink":"https://www.gdacs.org/images/gdacs_icons/maps/Green/TC.png"}},{"type":"Feature","bbox":[63.25,-21.77,63.31,-21.71],"geometry":{"type":"Polygon","coordinates":[[[63.28,-21.77],[63.2815,-21.77],[63.2829,-21.7699],[63.2844,-21.7697],[63.2859,-21.7694],[63.2873,-21.7691],[63.2887,-21.7687],[63.2901,-21.7682],[63.2915,-21.7677],[63.2928,-21.7671],[63.2941,-21.7665],[63.2954,-21.7657],[63.2967,-21.7649],[63.2979,-21.7641],[63.299,-21.7632],[63.3001,-21.7622],[63.3012,-21.7612],[63.3022,-21.7601],[63.3032,-21.759],[63.3041,-21.7579],[63.3049,-21.7567],[63.3057,-21.7554],[63.3065,-21.7541],[63.3071,-21.7528],[63.3077,-21.7515],[63.3082,-21.7501],[63.3087,-21.7487],[63.3091,-21.7473],[63.3094,-21.7459],[63.3097,-21.7444],[63.3099,-21.7429],[63.31,-21.7415],[63.31,-21.74],[63.31,-21.7385],[63.3099,-21.7371],[63.3097,-21.7356],[63.3094,-21.7341],[63.3091,-21.7327],[63.3087,-21.7313],[63.3082,-21.7299],[63.3077,-21.7285],[63.3071,-21.7272],[63.3065,-21.7259],[63.3057,-21.7246],[63.3049,-21.7233],[63.3041,-21.7221],[63.3032,-21.721],[63.3022,-21.7199],[63.3012,-21.7188],[63.3001,-21.7178],[63.299,-21.7168],[63.2979,-21.7159],[63.2967,-21.7151],[63.2954,-21.7143],[63.2941,-21.7135],[63.2928,-21.7129],[63.2915,-21.7123],[63.2901,-21.7118],[63.2887,-21.7113],[63.2873,-21.7109],[63.2859,-21.7106],[63.2844,-21.7103],[63.2829,-21.7101],[63.2815,-21.71],[63.28,-21.71],[63.2785,-21.71],[63.2771,-21.7101],[63.2756,-21.7103],[63.2741,-21.7106],[63.2727,-21.7109],[63.2713,-21.7113],[63.2699,-21.7118],[63.2685,-21.7123],[63.2672,-21.7129],[63.2659,-21.7135],[63.2646,-21.7143],[63.2633,-21.7151],[63.2621,-21.7159],[63.261,-21.7168],[63.2599,-21.7178],[63.2588,-21.7188],[63.2578,-21.7199],[63.2568,-21.721],[63.2559,-21.7221],[63.2551,-21.7233],[63.2543,-21.7246],[63.2535,-21.7259],[63.2529,-21.7272],[63.2523,-21.7285],[63.2518,-21.7299],[63.2513,-21.7313],[63.2509,-21.7327],[63.2506,-21.7341],[63.2503,-21.7356],[63.2501,-21.7371],[63.25,-21.7385],[63.25,-21.74],[63.25,-21.7415],[63.2501,-21.7429],[63.2503,-21.7444],[63.2506,-21.7459],[63.2509,-21.7473],[63.2513,-21.7487],[63.2518,-21.7501],[63.2523,-21.7515],[63.2529,-21.7528],[63.2535,-21.7541],[63.2543,-21.7554],[63.2551,-21.7567],[63.2559,-21.7579],[63.2568,-21.759],[63.2578,-21.7601],[63.2588,-21.7612],[63.2599,-21.7622],[63.261,-21.7632],[63.2621,-21.7641],[63.2633,-21.7649],[63.2646,-21.7657],[63.2659,-21.7665],[63.2672,-21.7671],[63.2685,-21.7677],[63.2699,-21.7682],[63.2713,-21.7687],[63.2727,-21.7691],[63.2741,-21.7694],[63.2756,-21.7697],[63.2771,-21.7699],[63.2785,-21.77],[63.28,-21.77]]]},"properties":{"eventtype":"TC","eventid":1001041,"episodeid":14,"eventname":"BELAL-24","glide":"","name":"Tropical Cyclone BELAL-24","description":"Tropical Cyclone BELAL-24","htmldescription":"Orange Tropical Cyclone BELAL-24 in Miscellaneous (French) Indian Ocean Islands, Mauritius, Madagascar from: 12 Jan 2024  to: 19 Jan 2024 .","icon":"https://www.gdacs.org/images/gdacs_icons/maps/Green/TC.png","iconoverall":"https://www.gdacs.org/images/gdacs_icons/maps/Orange/TC.png","url":{"geometry":"https://www.gdacs.org/gdacsapi/api/polygons/getgeometry?eventtype=TC&eventid=1001041&episodeid=14","report":"https://www.gdacs.org/report.aspx?eventid=1001041&episodeid=14&eventtype=TC","details":"https://www.gdacs.org/gdacsapi/api/events/geteventdata?eventtype=TC&eventid=1001041"},"alertlevel":"Orange","alertscore":2,"episodealertlevel":"Green","episodealertscore":1.0,"istemporary":"false","iscurrent":"false","country":"Miscellaneous (French) Indian Ocean Islands, Mauritius, Madagascar","fromdate":"2024-01-12T16:00:00","todate":"2024-01-19T04:00:00","datemodified":"2024-05-03T10:03:15","iso3":"REU","source":"RSMC","sourceid":"","polygondate":"2024-01-15T22:00:00","polygonlabel":"18/01 22:00 UTC","countryonland":"Miscellaneous (French) Indian Ocean Islands","affectedcountries":[{"iso2":"MU","iso3":"MUS","countryname":"Mauritius"},{"iso2":"MG","iso3":"MDG","countryname":"Madagascar"}],"severitydata":{"severity":158.33232,"severitytext":"Remnant Low (maximum wind speed of 158 km/h)","severityunit":"km/h"},"featuretype":"PointRadii","key":"01182200","Class":"Point_Polygon_Point_20","iconeventlink":"https://www.gdacs.org/images/gdacs_icons/maps/Green/TC.png","iconitemlink":"https://www.gdacs.org/images/gdacs_icons/maps/Green/TC.png"}},{"type":"Feature","bbox":[62.71,-21.93,62.77,-21.87],"geometry":{"type":"Polygon","coordinates":[[[62.74,-21.93],[62.7415,-21.93],[62.7429,-21.9299],[62.7444,-21.9297],[62.7459,-21.9294],[62.7473,-21.9291],[62.7487,-21.9287],[62.7501,-21.9282],[62.7515,-21.9277],[62.7528,-21.9271],[62.7541,-21.9265],[62.7554,-21.9257],[62.7567,-21.9249],[62.7579,-21.9241],[62.759,-21.9232],[62.7601,-21.9222],[62.7612,-21.9212],[62.7622,-21.9201],[62.7632,-21.919],[62.7641,-21.9179],[62.7649,-21.9167],[62.7657,-21.9154],[62.7665,-21.9141],[62.7671,-21.9128],[62.7677,-21.9115],[62.7682,-21.9101],[62.7687,-21.9087],[62.7691,-21.9073],[62.7694,-21.9059],[62.7697,-21.9044],[62.7699,-21.9029],[62.77,-21.9015],[62.77,-21.9],[62.77,-21.8985],[62.7699,-21.8971],[62.7697,-21.8956],[62.7694,-21.8941],[62.7691,-21.8927],[62.7687,-21.8913],[62.7682,-21.8899],[62.7677,-21.8885],[62.7671,-21.8872],[62.7665,-21.8859],[62.7657,-21.8846],[62.7649,-21.8833],[62.7641,-21.8821],[62.7632,-21.881],[62.7622,-21.8799],[62.7612,-21.8788],[62.7601,-21.8778],[62.759,-21.8768],[62.7579,-21.8759],[62.7567,-21.8751],[62.7554,-21.8743],[62.7541,-21.8735],[62.7528,-21.8729],[62.7515,-21.8723],[62.7501,-21.8718],[62.7487,-21.8713],[62.7473,-21.8709],[62.7459,-21.8706],[62.7444,-21.8703],[62.7429,-21.8701],[62.7415,-21.87],[62.74,-21.87],[62.7385,-21.87],[62.7371,-21.8701],[62.7356,-21.8703],[62.7341,-21.8706],[62.7327,-21.8709],[62.7313,-21.8713],[62.7299,-21.8718],[62.7285,-21.8723],[62.7272,-21.8729],[62.7259,-21.8735],[62.7246,-21.8743],[62.7233,-21.8751],[62.7221,-21.8759],[62.721,-21.8768],[62.7199,-21.8778],[62.7188,-21.8788],[62.7178,-21.8799],[62.7168,-21.881],[62.7159,-21.8821],[62.7151,-21.8833],[62.7143,-21.8846],[62.7135,-21.8859],[62.7129,-21.8872],[62.7123,-21.8885],[62.7118,-21.8899],[62.7113,-21.8913],[62.7109,-21.8927],[62.7106,-21.8941],[62.7103,-21.8956],[62.7101,-21.8971],[62.71,-21.8985],[62.71,-21.9],[62.71,-21.9015],[62.7101,-21.9029],[62.7103,-21.9044],[62.7106,-21.9059],[62.7109,-21.9073],[62.7113,-21.9087],[62.7118,-21.9101],[62.7123,-21.9115],[62.7129,-21.9128],[62.7135,-21.9141],[62.7143,-21.9154],[62.7151,-21.9167],[62.7159,-21.9179],[62.7168,-21.919],[62.7178,-21.9201],[62.7188,-21.9212],[62.7199,-21.9222],[62.721,-21.9232],[62.7221,-21.9241],[62.7233,-21.9249],[62.7246,-21.9257],[62.7259,-21.9265],[62.7272,-21.9271],[62.7285,-21.9277],[62.7299,-21.9282],[62.7313,-21.9287],[62.7327,-21.9291],[62.7341,-21.9294],[62.7356,-21.9297],[62.7371,-21.9299],[62.7385,-21.93],[62.74,-21.93]]]},"properties":{"eventtype":"TC","eventid":1001041,"episodeid":14,"eventname":"BELAL-24","glide":"","name":"Tropical Cyclone BELAL-24","description":"Tropical Cyclone BELAL-24","htmldescription":"Orange Tropical Cyclone BELAL-24 in Miscellaneous (French) Indian Ocean Islands, Mauritius, Madagascar from: 12 Jan 2024  to: 19 Jan 2024 .","icon":"https://www.gdacs.org/images/gdacs_icons/maps/Green/TC.png","iconoverall":"https://www.gdacs.org/images/gdacs_icons/maps/Orange/TC.png","url":{"geometry":"https://www.gdacs.org/gdacsapi/api/polygons/getgeometry?eventtype=TC&eventid=1001041&episodeid=14","report":"https://www.gdacs.org/report.aspx?eventid=1001041&episodeid=14&eventtype=TC","details":"https://www.gdacs.org/gdacsapi/api/events/geteventdata?eventtype=TC&eventid=1001041"},"alertlevel":"Orange","alertscore":2,"episodealertlevel":"Green","episodealertscore":1.0,"istemporary":"false","iscurrent":"false","country":"Miscellaneous (French) Indian Ocean Islands, Mauritius, Madagascar","fromdate":"2024-01-12T16:00:00","todate":"2024-01-19T04:00:00","datemodified":"2024-05-03T10:03:15","iso3":"REU","source":"RSMC","sourceid":"","polygondate":"2024-01-15T22:00:00","polygonlabel":"19/01 10:00 UTC","countryonland":"Miscellaneous (French) Indian Ocean Islands","affectedcountries":[{"iso2":"MU","iso3":"MUS","countryname":"Mauritius"},{"iso2":"MG","iso3":"MDG","countryname":"Madagascar"}],"severitydata":{"severity":158.33232,"severitytext":"Remnant Low (maximum wind speed of 158 km/h)","severityunit":"km/h"},"featuretype":"PointRadii","key":"01191000","Class":"Point_Polygon_Point_21","iconeventlink":"https://www.gdacs.org/images/gdacs_icons/maps/Green/TC.png","iconitemlink":"https://www.gdacs.org/images/gdacs_icons/maps/Green/TC.png"}},{"type":"Feature","bbox":[62.4,-22.12,62.46,-22.06],"geometry":{"type":"Polygon","coordinates":[[[62.43,-22.12],[62.4315,-22.12],[62.4329,-22.1199],[62.4344,-22.1197],[62.4359,-22.1194],[62.4373,-22.1191],[62.4387,-22.1187],[62.4401,-22.1182],[62.4415,-22.1177],[62.4428,-22.1171],[62.4441,-22.1165],[62.4454,-22.1157],[62.4467,-22.1149],[62.4479,-22.1141],[62.449,-22.1132],[62.4501,-22.1122],[62.4512,-22.1112],[62.4522,-22.1101],[62.4532,-22.109],[62.4541,-22.1079],[62.4549,-22.1067],[62.4557,-22.1054],[62.4565,-22.1041],[62.4571,-22.1028],[62.4577,-22.1015],[62.4582,-22.1001],[62.4587,-22.0987],[62.4591,-22.0973],[62.4594,-22.0959],[62.4597,-22.0944],[62.4599,-22.0929],[62.46,-22.0915],[62.46,-22.09],[62.46,-22.0885],[62.4599,-22.0871],[62.4597,-22.0856],[62.4594,-22.0841],[62.4591,-22.0827],[62.4587,-22.0813],[62.4582,-22.0799],[62.4577,-22.0785],[62.4571,-22.0772],[62.4565,-22.0759],[62.4557,-22.0746],[62.4549,-22.0733],[62.4541,-22.0721],[62.4532,-22.071],[62.4522,-22.0699],[62.4512,-22.0688],[62.4501,-22.0678],[62.449,-22.0668],[62.4479,-22.0659],[62.4467,-22.0651],[62.4454,-22.0643],[62.4441,-22.0635],[62.4428,-22.0629],[62.4415,-22.0623],[62.4401,-22.0618],[62.4387,-22.0613],[62.4373,-22.0609],[62.4359,-22.0606],[62.4344,-22.0603],[62.4329,-22.0601],[62.4315,-22.06],[62.43,-22.06],[62.4285,-22.06],[62.4271,-22.0601],[62.4256,-22.0603],[62.4241,-22.0606],[62.4227,-22.0609],[62.4213,-22.0613],[62.4199,-22.0618],[62.4185,-22.0623],[62.4172,-22.0629],[62.4159,-22.0635],[62.4146,-22.0643],[62.4133,-22.0651],[62.4121,-22.0659],[62.411,-22.0668],[62.4099,-22.0678],[62.4088,-22.0688],[62.4078,-22.0699],[62.4068,-22.071],[62.4059,-22.0721],[62.4051,-22.0733],[62.4043,-22.0746],[62.4035,-22.0759],[62.4029,-22.0772],[62.4023,-22.0785],[62.4018,-22.0799],[62.4013,-22.0813],[62.4009,-22.0827],[62.4006,-22.0841],[62.4003,-22.0856],[62.4001,-22.0871],[62.4,-22.0885],[62.4,-22.09],[62.4,-22.0915],[62.4001,-22.0929],[62.4003,-22.0944],[62.4006,-22.0959],[62.4009,-22.0973],[62.4013,-22.0987],[62.4018,-22.1001],[62.4023,-22.1015],[62.4029,-22.1028],[62.4035,-22.1041],[62.4043,-22.1054],[62.4051,-22.1067],[62.4059,-22.1079],[62.4068,-22.109],[62.4078,-22.1101],[62.4088,-22.1112],[62.4099,-22.1122],[62.411,-22.1132],[62.4121,-22.1141],[62.4133,-22.1149],[62.4146,-22.1157],[62.4159,-22.1165],[62.4172,-22.1171],[62.4185,-22.1177],[62.4199,-22.1182],[62.4213,-22.1187],[62.4227,-22.1191],[62.4241,-22.1194],[62.4256,-22.1197],[62.4271,-22.1199],[62.4285,-22.12],[62.43,-22.12]]]},"properties":{"eventtype":"TC","eventid":1001041,"episodeid":14,"eventname":"BELAL-24","glide":"","name":"Tropical Cyclone BELAL-24","description":"Tropical Cyclone BELAL-24","htmldescription":"Orange Tropical Cyclone BELAL-24 in Miscellaneous (French) Indian Ocean Islands, Mauritius, Madagascar from: 12 Jan 2024  to: 19 Jan 2024 .","icon":"https://www.gdacs.org/images/gdacs_icons/maps/Green/TC.png","iconoverall":"https://www.gdacs.org/images/gdacs_icons/maps/Orange/TC.png","url":{"geometry":"https://www.gdacs.org/gdacsapi/api/polygons/getgeometry?eventtype=TC&eventid=1001041&episodeid=14","report":"https://www.gdacs.org/report.aspx?eventid=1001041&episodeid=14&eventtype=TC","details":"https://www.gdacs.org/gdacsapi/api/events/geteventdata?eventtype=TC&eventid=1001041"},"alertlevel":"Orange","alertscore":2,"episodealertlevel":"Green","episodealertscore":1.0,"istemporary":"false","iscurrent":"false","country":"Miscellaneous (French) Indian Ocean Islands, Mauritius, Madagascar","fromdate":"2024-01-12T16:00:00","todate":"2024-01-19T04:00:00","datemodified":"2024-05-03T10:03:15","iso3":"REU","source":"RSMC","sourceid":"","polygondate":"2024-01-15T22:00:00","polygonlabel":"19/01 22:00 UTC","countryonland":"Miscellaneous (French) Indian Ocean Islands","affectedcountries":[{"iso2":"MU","iso3":"MUS","countryname":"Mauritius"},{"iso2":"MG","iso3":"MDG","countryname":"Madagascar"}],"severitydata":{"severity":158.33232,"severitytext":"Remnant Low (maximum wind speed of 158 km/h)","severityunit":"km/h"},"featuretype":"PointRadii","key":"01192200","Class":"Point_Polygon_Point_22","iconeventlink":"https://www.gdacs.org/images/gdacs_icons/maps/Green/TC.png","iconitemlink":"https://www.gdacs.org/images/gdacs_icons/maps/Green/TC.png"}},{"type":"Feature","bbox":[62.01,-22.05,62.07,-21.99],"geometry":{"type":"Polygon","coordinates":[[[62.04,-22.05],[62.0415,-22.05],[62.0429,-22.0499],[62.0444,-22.0497],[62.0459,-22.0494],[62.0473,-22.0491],[62.0487,-22.0487],[62.0501,-22.0482],[62.0515,-22.0477],[62.0528,-22.0471],[62.0541,-22.0465],[62.0554,-22.0457],[62.0567,-22.0449],[62.0579,-22.0441],[62.059,-22.0432],[62.0601,-22.0422],[62.0612,-22.0412],[62.0622,-22.0401],[62.0632,-22.039],[62.0641,-22.0379],[62.0649,-22.0367],[62.0657,-22.0354],[62.0665,-22.0341],[62.0671,-22.0328],[62.0677,-22.0315],[62.0682,-22.0301],[62.0687,-22.0287],[62.0691,-22.0273],[62.0694,-22.0259],[62.0697,-22.0244],[62.0699,-22.0229],[62.07,-22.0215],[62.07,-22.02],[62.07,-22.0185],[62.0699,-22.0171],[62.0697,-22.0156],[62.0694,-22.0141],[62.0691,-22.0127],[62.0687,-22.0113],[62.0682,-22.0099],[62.0677,-22.0085],[62.0671,-22.0072],[62.0665,-22.0059],[62.0657,-22.0046],[62.0649,-22.0033],[62.0641,-22.0021],[62.0632,-22.001],[62.0622,-21.9999],[62.0612,-21.9988],[62.0601,-21.9978],[62.059,-21.9968],[62.0579,-21.9959],[62.0567,-21.9951],[62.0554,-21.9943],[62.0541,-21.9935],[62.0528,-21.9929],[62.0515,-21.9923],[62.0501,-21.9918],[62.0487,-21.9913],[62.0473,-21.9909],[62.0459,-21.9906],[62.0444,-21.9903],[62.0429,-21.9901],[62.0415,-21.99],[62.04,-21.99],[62.0385,-21.99],[62.0371,-21.9901],[62.0356,-21.9903],[62.0341,-21.9906],[62.0327,-21.9909],[62.0313,-21.9913],[62.0299,-21.9918],[62.0285,-21.9923],[62.0272,-21.9929],[62.0259,-21.9935],[62.0246,-21.9943],[62.0233,-21.9951],[62.0221,-21.9959],[62.021,-21.9968],[62.0199,-21.9978],[62.0188,-21.9988],[62.0178,-21.9999],[62.0168,-22.001],[62.0159,-22.0021],[62.0151,-22.0033],[62.0143,-22.0046],[62.0135,-22.0059],[62.0129,-22.0072],[62.0123,-22.0085],[62.0118,-22.0099],[62.0113,-22.0113],[62.0109,-22.0127],[62.0106,-22.0141],[62.0103,-22.0156],[62.0101,-22.0171],[62.01,-22.0185],[62.01,-22.02],[62.01,-22.0215],[62.0101,-22.0229],[62.0103,-22.0244],[62.0106,-22.0259],[62.0109,-22.0273],[62.0113,-22.0287],[62.0118,-22.0301],[62.0123,-22.0315],[62.0129,-22.0328],[62.0135,-22.0341],[62.0143,-22.0354],[62.0151,-22.0367],[62.0159,-22.0379],[62.0168,-22.039],[62.0178,-22.0401],[62.0188,-22.0412],[62.0199,-22.0422],[62.021,-22.0432],[62.0221,-22.0441],[62.0233,-22.0449],[62.0246,-22.0457],[62.0259,-22.0465],[62.0272,-22.0471],[62.0285,-22.0477],[62.0299,-22.0482],[62.0313,-22.0487],[62.0327,-22.0491],[62.0341,-22.0494],[62.0356,-22.0497],[62.0371,-22.0499],[62.0385,-22.05],[62.04,-22.05]]]},"properties":{"eventtype":"TC","eventid":1001041,"episodeid":14,"eventname":"BELAL-24","glide":"","name":"Tropical Cyclone BELAL-24","description":"Tropical Cyclone BELAL-24","htmldescription":"Orange Tropical Cyclone BELAL-24 in Miscellaneous (French) Indian Ocean Islands, Mauritius, Madagascar from: 12 Jan 2024  to: 19 Jan 2024 .","icon":"https://www.gdacs.org/images/gdacs_icons/maps/Green/TC.png","iconoverall":"https://www.gdacs.org/images/gdacs_icons/maps/Orange/TC.png","url":{"geometry":"https://www.gdacs.org/gdacsapi/api/polygons/getgeometry?eventtype=TC&eventid=1001041&episodeid=14","report":"https://www.gdacs.org/report.aspx?eventid=1001041&episodeid=14&eventtype=TC","details":"https://www.gdacs.org/gdacsapi/api/events/geteventdata?eventtype=TC&eventid=1001041"},"alertlevel":"Orange","alertscore":2,"episodealertlevel":"Green","episodealertscore":1.0,"istemporary":"false","iscurrent":"false","country":"Miscellaneous (French) Indian Ocean Islands, Mauritius, Madagascar","fromdate":"2024-01-12T16:00:00","todate":"2024-01-19T04:00:00","datemodified":"2024-05-03T10:03:15","iso3":"REU","source":"RSMC","sourceid":"","polygondate":"2024-01-15T22:00:00","polygonlabel":"20/01 10:00 UTC","countryonland":"Miscellaneous (French) Indian Ocean Islands","affectedcountries":[{"iso2":"MU","iso3":"MUS","countryname":"Mauritius"},{"iso2":"MG","iso3":"MDG","countryname":"Madagascar"}],"severitydata":{"severity":158.33232,"severitytext":"Remnant Low (maximum wind speed of 158 km/h)","severityunit":"km/h"},"featuretype":"PointRadii","key":"01201000","Class":"Point_Polygon_Point_23","iconeventlink":"https://www.gdacs.org/images/gdacs_icons/maps/Green/TC.png","iconitemlink":"https://www.gdacs.org/images/gdacs_icons/maps/Green/TC.png"}},{"type":"Feature","bbox":[61.62,-21.81,61.68,-21.75],"geometry":{"type":"Polygon","coordinates":[[[61.65,-21.81],[61.6515,-21.81],[61.6529,-21.8099],[61.6544,-21.8097],[61.6559,-21.8094],[61.6573,-21.8091],[61.6587,-21.8087],[61.6601,-21.8082],[61.6615,-21.8077],[61.6628,-21.8071],[61.6641,-21.8065],[61.6654,-21.8057],[61.6667,-21.8049],[61.6679,-21.8041],[61.669,-21.8032],[61.6701,-21.8022],[61.6712,-21.8012],[61.6722,-21.8001],[61.6732,-21.799],[61.6741,-21.7979],[61.6749,-21.7967],[61.6757,-21.7954],[61.6765,-21.7941],[61.6771,-21.7928],[61.6777,-21.7915],[61.6782,-21.7901],[61.6787,-21.7887],[61.6791,-21.7873],[61.6794,-21.7859],[61.6797,-21.7844],[61.6799,-21.7829],[61.68,-21.7815],[61.68,-21.78],[61.68,-21.7785],[61.6799,-21.7771],[61.6797,-21.7756],[61.6794,-21.7741],[61.6791,-21.7727],[61.6787,-21.7713],[61.6782,-21.7699],[61.6777,-21.7685],[61.6771,-21.7672],[61.6765,-21.7659],[61.6757,-21.7646],[61.6749,-21.7633],[61.6741,-21.7621],[61.6732,-21.761],[61.6722,-21.7599],[61.6712,-21.7588],[61.6701,-21.7578],[61.669,-21.7568],[61.6679,-21.7559],[61.6667,-21.7551],[61.6654,-21.7543],[61.6641,-21.7535],[61.6628,-21.7529],[61.6615,-21.7523],[61.6601,-21.7518],[61.6587,-21.7513],[61.6573,-21.7509],[61.6559,-21.7506],[61.6544,-21.7503],[61.6529,-21.7501],[61.6515,-21.75],[61.65,-21.75],[61.6485,-21.75],[61.6471,-21.7501],[61.6456,-21.7503],[61.6441,-21.7506],[61.6427,-21.7509],[61.6413,-21.7513],[61.6399,-21.7518],[61.6385,-21.7523],[61.6372,-21.7529],[61.6359,-21.7535],[61.6346,-21.7543],[61.6333,-21.7551],[61.6321,-21.7559],[61.631,-21.7568],[61.6299,-21.7578],[61.6288,-21.7588],[61.6278,-21.7599],[61.6268,-21.761],[61.6259,-21.7621],[61.6251,-21.7633],[61.6243,-21.7646],[61.6235,-21.7659],[61.6229,-21.7672],[61.6223,-21.7685],[61.6218,-21.7699],[61.6213,-21.7713],[61.6209,-21.7727],[61.6206,-21.7741],[61.6203,-21.7756],[61.6201,-21.7771],[61.62,-21.7785],[61.62,-21.78],[61.62,-21.7815],[61.6201,-21.7829],[61.6203,-21.7844],[61.6206,-21.7859],[61.6209,-21.7873],[61.6213,-21.7887],[61.6218,-21.7901],[61.6223,-21.7915],[61.6229,-21.7928],[61.6235,-21.7941],[61.6243,-21.7954],[61.6251,-21.7967],[61.6259,-21.7979],[61.6268,-21.799],[61.6278,-21.8001],[61.6288,-21.8012],[61.6299,-21.8022],[61.631,-21.8032],[61.6321,-21.8041],[61.6333,-21.8049],[61.6346,-21.8057],[61.6359,-21.8065],[61.6372,-21.8071],[61.6385,-21.8077],[61.6399,-21.8082],[61.6413,-21.8087],[61.6427,-21.8091],[61.6441,-21.8094],[61.6456,-21.8097],[61.6471,-21.8099],[61.6485,-21.81],[61.65,-21.81]]]},"properties":{"eventtype":"TC","eventid":1001041,"episodeid":14,"eventname":"BELAL-24","glide":"","name":"Tropical Cyclone BELAL-24","description":"Tropical Cyclone BELAL-24","htmldescription":"Orange Tropical Cyclone BELAL-24 in Miscellaneous (French) Indian Ocean Islands, Mauritius, Madagascar from: 12 Jan 2024  to: 19 Jan 2024 .","icon":"https://www.gdacs.org/images/gdacs_icons/maps/Green/TC.png","iconoverall":"https://www.gdacs.org/images/gdacs_icons/maps/Orange/TC.png","url":{"geometry":"https://www.gdacs.org/gdacsapi/api/polygons/getgeometry?eventtype=TC&eventid=1001041&episodeid=14","report":"https://www.gdacs.org/report.aspx?eventid=1001041&episodeid=14&eventtype=TC","details":"https://www.gdacs.org/gdacsapi/api/events/geteventdata?eventtype=TC&eventid=1001041"},"alertlevel":"Orange","alertscore":2,"episodealertlevel":"Green","episodealertscore":1.0,"istemporary":"false","iscurrent":"false","country":"Miscellaneous (French) Indian Ocean Islands, Mauritius, Madagascar","fromdate":"2024-01-12T16:00:00","todate":"2024-01-19T04:00:00","datemodified":"2024-05-03T10:03:15","iso3":"REU","source":"RSMC","sourceid":"","polygondate":"2024-01-15T22:00:00","polygonlabel":"20/01 22:00 UTC","countryonland":"Miscellaneous (French) Indian Ocean Islands","affectedcountries":[{"iso2":"MU","iso3":"MUS","countryname":"Mauritius"},{"iso2":"MG","iso3":"MDG","countryname":"Madagascar"}],"severitydata":{"severity":158.33232,"severitytext":"Remnant Low (maximum wind speed of 158 km/h)","severityunit":"km/h"},"featuretype":"PointRadii","key":"01202200","Class":"Point_Polygon_Point_24","iconeventlink":"https://www.gdacs.org/images/gdacs_icons/maps/Green/TC.png","iconitemlink":"https://www.gdacs.org/images/gdacs_icons/maps/Green/TC.png"}},{"type":"Feature","bbox":[49.8276,-25.88,66.2427,-13.559],"geometry":{"type":"Polygon","coordinates":[[[57.98,-25.88],[58.1183,-25.8778],[58.2565,-25.8711],[58.3944,-25.8599],[58.5317,-25.8443],[58.6684,-25.8242],[58.8042,-25.7998],[58.939,-25.771],[60.4719,-25.4293],[61.5575,-25.3284],[62.6297,-25.423],[62.7396,-25.4319],[62.8497,-25.4372],[62.96,-25.439],[63.0703,-25.4372],[63.1804,-25.4319],[63.2903,-25.423],[63.3998,-25.4106],[63.5087,-25.3947],[63.617,-25.3752],[63.7245,-25.3523],[63.831,-25.3259],[63.9365,-25.2961],[64.0408,-25.263],[64.1437,-25.2264],[64.2453,-25.1866],[64.3452,-25.1436],[64.4435,-25.0973],[64.54,-25.0479],[64.6345,-24.9955],[64.727,-24.94],[64.8174,-24.8815],[64.9055,-24.8202],[64.9912,-24.7561],[65.0744,-24.6892],[65.1551,-24.6198],[65.2331,-24.5477],[65.3083,-24.4732],[65.3807,-24.3963],[65.4501,-24.3171],[65.5165,-24.2357],[65.5797,-24.1523],[65.6398,-24.0668],[65.6966,-23.9795],[65.7501,-23.8904],[65.8002,-23.7996],[65.8468,-23.7073],[65.8899,-23.6135],[65.9294,-23.5184],[65.9653,-23.422],[65.9975,-23.3246],[66.0261,-23.2262],[66.0509,-23.1269],[66.1512,-22.6977],[66.1698,-22.6091],[66.1851,-22.5199],[66.197,-22.4303],[66.2055,-22.3404],[66.2355,-21.932],[66.2409,-21.836],[66.2427,-21.74],[66.2409,-21.644],[66.2355,-21.548],[66.2265,-21.4523],[66.2139,-21.357],[66.1977,-21.2621],[66.178,-21.1678],[66.1547,-21.0742],[66.128,-20.9814],[66.0977,-20.8896],[66.0641,-20.7988],[66.027,-20.7091],[65.9866,-20.6207],[65.9429,-20.5336],[65.8959,-20.448],[65.8458,-20.364],[65.7925,-20.2817],[65.7362,-20.2011],[65.6769,-20.1224],[65.6147,-20.0457],[65.5496,-19.971],[65.4817,-19.8986],[65.4112,-19.8283],[65.3381,-19.7604],[65.2625,-19.6949],[65.1844,-19.6318],[65.104,-19.5714],[65.0214,-19.5136],[64.9367,-19.4585],[64.85,-19.4062],[64.7614,-19.3567],[64.6709,-19.3101],[64.5788,-19.2665],[64.485,-19.2259],[64.3899,-19.1884],[64.2933,-19.154],[64.1955,-19.1227],[64.0966,-19.0946],[63.9967,-19.0697],[63.896,-19.0481],[63.7945,-19.0298],[63.6923,-19.0148],[63.5897,-19.0031],[63.4867,-18.9947],[63.3834,-18.9897],[63.28,-18.988],[63.1766,-18.9897],[63.0733,-18.9947],[62.9703,-19.0031],[62.8677,-19.0148],[62.7655,-19.0298],[62.664,-19.0481],[62.5633,-19.0697],[62.4634,-19.0946],[62.3645,-19.1227],[62.2667,-19.154],[62.1701,-19.1884],[62.075,-19.2259],[61.9812,-19.2665],[61.8891,-19.3101],[61.7986,-19.3567],[61.71,-19.4062],[61.6233,-19.4585],[61.5386,-19.5136],[61.456,-19.5714],[61.3756,-19.6318],[61.2975,-19.6949],[61.2219,-19.7604],[61.1488,-19.8283],[61.0893,-19.8853],[60.7337,-19.57],[60.6325,-19.4827],[60.5281,-19.3986],[60.4206,-19.318],[60.3101,-19.2409],[60.1967,-19.1674],[60.0807,-19.0977],[59.9621,-19.0317],[59.841,-18.9696],[59.7178,-18.9114],[59.5924,-18.8573],[59.465,-18.8072],[59.3358,-18.7613],[59.205,-18.7196],[59.0727,-18.6822],[58.939,-18.649],[58.8042,-18.6202],[58.6684,-18.5958],[58.5317,-18.5757],[58.3944,-18.5601],[58.2565,-18.5489],[58.1183,-18.5422],[57.98,-18.54],[57.8417,-18.5422],[57.7035,-18.5489],[57.5656,-18.5601],[57.4283,-18.5757],[57.2916,-18.5958],[57.1558,-18.6202],[57.0435,-18.6442],[57.0284,-18.5826],[56.9956,-18.4673],[56.9586,-18.3532],[56.9174,-18.2403],[56.8721,-18.1288],[56.8226,-18.019],[56.7691,-17.9108],[56.7116,-17.8044],[56.6503,-17.7],[56.5851,-17.5977],[56.5162,-17.4976],[56.4436,-17.3998],[56.3674,-17.3044],[56.2877,-17.2117],[56.2047,-17.1216],[56.1184,-17.0343],[56.0289,-16.9499],[55.9363,-16.8684],[55.8408,-16.7901],[55.7865,-16.7486],[55.9505,-16.5472],[56.7613,-15.6141],[56.7897,-15.5802],[56.8169,-15.5453],[56.8428,-15.5096],[56.8674,-15.4729],[56.8906,-15.4355],[56.9125,-15.3973],[56.933,-15.3584],[56.9521,-15.3188],[56.9698,-15.2786],[56.986,-15.2379],[57.0007,-15.1966],[57.0139,-15.1548],[57.0256,-15.1126],[57.0357,-15.0701],[57.0443,-15.0272],[57.0514,-14.9841],[57.0569,-14.9408],[57.0608,-14.8973],[57.0632,-14.8537],[57.064,-14.81],[57.0632,-14.7663],[57.0608,-14.7227],[57.0569,-14.6792],[57.0514,-14.6359],[57.0443,-14.5928],[57.0357,-14.5499],[57.0256,-14.5074],[57.0139,-14.4652],[57.0007,-14.4234],[56.986,-14.3821],[56.9698,-14.3414],[56.9521,-14.3012],[56.933,-14.2616],[56.9125,-14.2227],[56.8906,-14.1845],[56.8674,-14.1471],[56.8428,-14.1104],[56.8169,-14.0747],[56.7897,-14.0398],[56.7613,-14.0059],[56.7316,-13.9729],[56.7008,-13.941],[56.6689,-13.9101],[56.6358,-13.8803],[56.6018,-13.8517],[56.5667,-13.8242],[56.5306,-13.7979],[56.4936,-13.7729],[56.4557,-13.7491],[56.417,-13.7266],[56.3775,-13.7054],[56.3372,-13.6856],[56.2963,-13.6672],[56.2547,-13.6501],[56.2126,-13.6344],[56.1699,-13.6202],[56.1267,-13.6075],[56.083,-13.5962],[56.039,-13.5863],[55.9947,-13.578],[55.9501,-13.5712],[55.9053,-13.5659],[55.8603,-13.562],[55.8152,-13.5598],[55.77,-13.559],[55.7248,-13.5598],[55.6797,-13.562],[55.6347,-13.5659],[55.5899,-13.5712],[55.5453,-13.578],[55.501,-13.5863],[55.457,-13.5962],[55.4133,-13.6075],[55.3701,-13.6202],[55.3274,-13.6344],[55.2853,-13.6501],[55.2437,-13.6672],[55.2028,-13.6856],[55.1625,-13.7054],[55.123,-13.7266],[55.0843,-13.7491],[55.0464,-13.7729],[55.0094,-13.7979],[54.9733,-13.8242],[54.9382,-13.8517],[54.9042,-13.8803],[54.8711,-13.9101],[54.8392,-13.941],[54.8084,-13.9729],[54.7787,-14.0059],[53.9442,-14.9559],[53.9157,-14.9898],[53.1586,-15.9082],[53.123,-15.9123],[53.0322,-15.926],[52.9418,-15.9427],[52.8521,-15.9623],[52.7632,-15.9849],[52.6752,-16.0105],[52.5882,-16.0389],[52.5023,-16.0702],[52.4176,-16.1043],[52.3342,-16.1412],[52.2522,-16.1809],[52.1717,-16.2232],[52.1257,-16.2494],[52.0351,-16.2857],[51.9204,-16.3361],[51.8077,-16.3903],[51.697,-16.4482],[51.5885,-16.5097],[51.4823,-16.5747],[51.3786,-16.6432],[51.2776,-16.715],[51.1792,-16.7901],[51.0837,-16.8684],[50.9911,-16.9499],[50.9016,-17.0343],[50.8153,-17.1216],[50.7323,-17.2117],[50.6526,-17.3044],[50.5764,-17.3998],[50.5038,-17.4976],[50.4349,-17.5977],[50.3697,-17.7],[50.3084,-17.8044],[50.2509,-17.9108],[50.1974,-18.019],[50.1479,-18.1288],[50.1026,-18.2403],[50.0614,-18.3532],[50.0244,-18.4673],[49.9916,-18.5826],[49.9631,-18.6989],[49.939,-18.8161],[49.8828,-19.0961],[49.863,-19.214],[49.8475,-19.3325],[49.8365,-19.4514],[49.8298,-19.5706],[49.8276,-19.69],[49.8298,-19.8094],[49.8365,-19.9286],[49.8475,-20.0475],[49.863,-20.166],[49.8828,-20.2839],[49.907,-20.4011],[49.9355,-20.5174],[49.9683,-20.6327],[50.0054,-20.7468],[50.0467,-20.8597],[50.0921,-20.9712],[50.1416,-21.081],[50.1952,-21.1892],[50.2528,-21.2956],[50.3143,-21.4],[50.3796,-21.5023],[50.4486,-21.6024],[50.5213,-21.7002],[50.5976,-21.7956],[50.6774,-21.8883],[50.7606,-21.9784],[50.8471,-22.0657],[50.9367,-22.1501],[51.0295,-22.2316],[51.1251,-22.3099],[51.2237,-22.385],[51.3249,-22.4568],[51.4288,-22.5253],[51.5351,-22.5903],[51.6438,-22.6518],[51.7547,-22.7097],[51.8677,-22.7639],[51.9826,-22.8143],[52.0993,-22.861],[52.2177,-22.9037],[52.3375,-22.9426],[52.4588,-22.9775],[52.5812,-23.0084],[52.7048,-23.0353],[52.8292,-23.058],[52.9545,-23.0767],[53.0803,-23.0913],[53.2066,-23.1017],[53.3332,-23.1079],[53.46,-23.11],[53.5379,-23.11],[53.7054,-23.1141],[53.82,-23.116],[53.9007,-23.1147],[53.9524,-23.1664],[54.021,-23.2302],[54.0919,-23.2918],[54.165,-23.351],[54.231,-23.4007],[54.2549,-23.4652],[54.3045,-23.5848],[54.3586,-23.7027],[54.4171,-23.8188],[54.4799,-23.933],[54.547,-24.045],[54.6182,-24.1548],[54.6936,-24.2622],[54.773,-24.3672],[54.8562,-24.4695],[54.9433,-24.569],[55.0341,-24.6657],[55.1285,-24.7594],[55.2263,-24.85],[55.3275,-24.9373],[55.4319,-25.0214],[55.5394,-25.102],[55.6499,-25.1791],[55.7633,-25.2526],[55.8793,-25.3223],[55.9979,-25.3883],[56.119,-25.4504],[56.2422,-25.5086],[56.3676,-25.5627],[56.495,-25.6128],[56.6242,-25.6587],[56.755,-25.7004],[56.8873,-25.7378],[57.021,-25.771],[57.1558,-25.7998],[57.2916,-25.8242],[57.4283,-25.8443],[57.5656,-25.8599],[57.7035,-25.8711],[57.8417,-25.8778],[57.98,-25.88]]]},"properties":{"eventtype":"TC","eventid":1001041,"episodeid":14,"eventname":"BELAL-24","glide":"","name":"Tropical Cyclone BELAL-24","description":"Tropical Cyclone BELAL-24","htmldescription":"Orange Tropical Cyclone BELAL-24 in Miscellaneous (French) Indian Ocean Islands, Mauritius, Madagascar from: 12 Jan 2024  to: 19 Jan 2024 .","icon":"https://www.gdacs.org/images/gdacs_icons/maps/Green/TC.png","iconoverall":"https://www.gdacs.org/images/gdacs_icons/maps/Orange/TC.png","url":{"geometry":"https://www.gdacs.org/gdacsapi/api/polygons/getgeometry?eventtype=TC&eventid=1001041&episodeid=14","report":"https://www.gdacs.org/report.aspx?eventid=1001041&episodeid=14&eventtype=TC","details":"https://www.gdacs.org/gdacsapi/api/events/geteventdata?eventtype=TC&eventid=1001041"},"alertlevel":"Orange","alertscore":2,"episodealertlevel":"Green","episodealertscore":1.0,"istemporary":"false","iscurrent":"false","country":"Miscellaneous (French) Indian Ocean Islands, Mauritius, Madagascar","fromdate":"2024-01-12T16:00:00","todate":"2024-01-19T04:00:00","datemodified":"2024-05-03T10:03:15","iso3":"REU","source":"RSMC","sourceid":"","polygondate":"2024-01-15T22:00:00","polygonlabel":"60 km/h","countryonland":"Miscellaneous (French) Indian Ocean Islands","affectedcountries":[{"iso2":"MU","iso3":"MUS","countryname":"Mauritius"},{"iso2":"MG","iso3":"MDG","countryname":"Madagascar"}],"severitydata":{"severity":158.33232,"severitytext":"Remnant Low (maximum wind speed of 158 km/h)","severityunit":"km/h"},"Class":"Poly_Green","iconeventlink":"https://www.gdacs.org/images/gdacs_icons/maps/Green/TC.png","iconitemlink":"https://www.gdacs.org/images/gdacs_icons/maps/Green/TC.png"}},{"type":"Feature","bbox":[51.6891,-24.148,64.9511,-16.117],"geometry":{"type":"Polygon","coordinates":[[[61.55,-24.148],[61.6037,-24.1471],[63.0199,-24.104],[63.0797,-24.1011],[63.1394,-24.0963],[63.1988,-24.0896],[63.258,-24.0809],[63.3167,-24.0704],[63.3751,-24.0579],[63.4329,-24.0436],[63.4902,-24.0274],[63.5469,-24.0094],[63.6028,-23.9896],[63.6579,-23.968],[63.7122,-23.9446],[63.7655,-23.9195],[63.8179,-23.8927],[63.8693,-23.8642],[63.9195,-23.834],[63.9685,-23.8023],[64.0164,-23.769],[64.0629,-23.7342],[64.1081,-23.6979],[64.1519,-23.6602],[64.1943,-23.621],[64.2351,-23.5806],[64.2744,-23.5388],[64.3121,-23.4958],[64.3481,-23.4516],[64.3825,-23.4063],[64.4151,-23.3599],[64.7184,-22.9114],[64.746,-22.869],[64.7719,-22.8257],[64.7961,-22.7816],[64.8187,-22.7368],[64.8396,-22.6912],[64.8588,-22.645],[64.8762,-22.5982],[64.8918,-22.5509],[64.9056,-22.503],[64.9176,-22.4548],[64.9278,-22.4062],[64.9362,-22.3573],[64.9427,-22.3082],[64.9474,-22.2589],[64.9502,-22.2095],[64.9511,-22.16],[64.9502,-22.1105],[64.9474,-22.0611],[64.9427,-22.0118],[64.9362,-21.9627],[64.9278,-21.9138],[64.9176,-21.8652],[64.9056,-21.817],[64.8918,-21.7691],[64.8762,-21.7218],[64.8588,-21.675],[64.8396,-21.6288],[64.8187,-21.5832],[64.7961,-21.5384],[64.7719,-21.4943],[64.746,-21.451],[64.7184,-21.4086],[64.6893,-21.3671],[64.6587,-21.3265],[64.6265,-21.287],[64.5929,-21.2485],[64.5578,-21.2112],[64.5214,-21.175],[64.4836,-21.14],[64.4445,-21.1062],[64.4042,-21.0737],[64.3626,-21.0426],[64.32,-21.0128],[64.014,-20.8015],[63.9783,-20.7783],[63.9418,-20.7563],[63.9044,-20.7354],[63.8663,-20.7158],[63.8274,-20.6974],[63.7879,-20.6803],[63.7478,-20.6645],[63.7071,-20.65],[63.6659,-20.6368],[63.6242,-20.6249],[63.5821,-20.6145],[63.5396,-20.6053],[63.4969,-20.5976],[63.4538,-20.5913],[63.4105,-20.5864],[63.3671,-20.5828],[63.3236,-20.5807],[63.28,-20.58],[63.2364,-20.5807],[63.1929,-20.5828],[63.1495,-20.5864],[63.1062,-20.5913],[63.0631,-20.5976],[63.0204,-20.6053],[62.9779,-20.6145],[62.9358,-20.6249],[62.8941,-20.6368],[62.8529,-20.65],[62.8122,-20.6645],[62.7721,-20.6803],[62.7326,-20.6974],[62.6937,-20.7158],[62.6556,-20.7354],[62.6182,-20.7563],[62.1512,-21.0257],[62.1186,-21.0453],[62.0869,-21.0659],[62.0559,-21.0876],[62.0257,-21.1102],[62.0037,-21.128],[61.3378,-21.3093],[60.2551,-21.2956],[58.7367,-20.7788],[57.8311,-20.2555],[57.7774,-20.2255],[57.7226,-20.1972],[57.6668,-20.1708],[57.61,-20.1462],[57.5524,-20.1235],[57.4939,-20.1026],[56.9604,-19.9308],[56.6857,-19.6539],[56.6433,-19.6113],[56.5992,-19.5701],[56.5537,-19.5304],[56.5067,-19.4922],[56.4583,-19.4556],[56.4086,-19.4206],[55.624,-18.8981],[55.3528,-18.6393],[55.3002,-18.5899],[55.2458,-18.5422],[55.1897,-18.4964],[55.1578,-18.4721],[55.1593,-18.4453],[55.1603,-18.39],[55.1593,-18.3347],[55.1562,-18.2794],[55.1512,-18.2243],[55.144,-18.1694],[55.1349,-18.1148],[55.1238,-18.0605],[55.1107,-18.0066],[55.0956,-17.9531],[55.0786,-17.9002],[55.0596,-17.8479],[55.0387,-17.7962],[55.0159,-17.7453],[54.9913,-17.6952],[54.9648,-17.6459],[54.9365,-17.5975],[54.9065,-17.5501],[54.8747,-17.5037],[54.8413,-17.4584],[54.8062,-17.4142],[54.7695,-17.3712],[54.7313,-17.3294],[54.6915,-17.289],[54.6503,-17.2498],[54.6466,-17.2466],[54.7551,-16.8607],[54.7606,-16.841],[54.7654,-16.8212],[54.7694,-16.8012],[54.7727,-16.7811],[54.7753,-16.7609],[54.7772,-16.7407],[54.7783,-16.7203],[54.7787,-16.7],[54.7783,-16.6797],[54.7772,-16.6593],[54.7753,-16.6391],[54.7727,-16.6189],[54.7694,-16.5988],[54.7654,-16.5788],[54.7606,-16.559],[54.7551,-16.5393],[54.7489,-16.5198],[54.742,-16.5006],[54.7344,-16.4816],[54.726,-16.4629],[54.7171,-16.4444],[54.7074,-16.4263],[54.6971,-16.4085],[54.6862,-16.3911],[54.6746,-16.374],[54.6624,-16.3573],[54.6496,-16.3411],[54.6363,-16.3253],[54.6223,-16.3099],[54.6078,-16.295],[54.5928,-16.2806],[54.5773,-16.2667],[54.5612,-16.2534],[54.5447,-16.2406],[54.5278,-16.2283],[54.5104,-16.2167],[54.4925,-16.2056],[54.4743,-16.1951],[54.4558,-16.1852],[54.4368,-16.176],[54.4176,-16.1674],[54.398,-16.1595],[54.3782,-16.1522],[54.3581,-16.1455],[54.3378,-16.1396],[54.3173,-16.1343],[54.2966,-16.1297],[54.2757,-16.1259],[54.2547,-16.1227],[54.2336,-16.1202],[54.2125,-16.1184],[54.1912,-16.1174],[54.17,-16.117],[54.1488,-16.1174],[54.1275,-16.1184],[54.1064,-16.1202],[54.0853,-16.1227],[54.0643,-16.1259],[54.0434,-16.1297],[54.0227,-16.1343],[54.0022,-16.1396],[53.9819,-16.1455],[53.9618,-16.1522],[53.942,-16.1595],[53.9224,-16.1674],[53.9032,-16.176],[53.8842,-16.1852],[53.8657,-16.1951],[53.8475,-16.2056],[53.8296,-16.2167],[53.8122,-16.2283],[53.7953,-16.2406],[53.7788,-16.2534],[53.7627,-16.2667],[53.7472,-16.2806],[53.7322,-16.295],[53.7177,-16.3099],[53.7037,-16.3253],[53.6904,-16.3411],[53.6776,-16.3573],[53.3317,-16.8123],[53.3154,-16.8137],[53.2575,-16.8204],[53.2,-16.8291],[53.1427,-16.8396],[53.0859,-16.8521],[53.0296,-16.8664],[52.9738,-16.8826],[52.9187,-16.9006],[52.8643,-16.9204],[52.8106,-16.942],[52.7578,-16.9654],[52.7058,-16.9905],[52.6548,-17.0173],[52.6049,-17.0458],[52.556,-17.076],[52.5082,-17.1077],[52.4617,-17.141],[52.4164,-17.1758],[52.3724,-17.2121],[52.3297,-17.2498],[52.2885,-17.289],[52.2487,-17.3294],[52.2105,-17.3712],[52.1738,-17.4142],[52.1387,-17.4584],[52.1053,-17.5037],[52.0735,-17.5501],[52.0435,-17.5975],[52.0152,-17.6459],[51.9887,-17.6952],[51.9641,-17.7453],[51.9413,-17.7962],[51.9204,-17.8479],[51.9014,-17.9002],[51.8844,-17.9531],[51.8693,-18.0066],[51.8562,-18.0605],[51.8451,-18.1148],[51.836,-18.1694],[51.7495,-18.8294],[51.7424,-18.8843],[51.7373,-18.9394],[51.7342,-18.9947],[51.7332,-19.05],[51.7342,-19.1053],[51.7373,-19.1606],[51.7424,-19.2157],[51.7495,-19.2706],[51.7586,-19.3252],[51.7698,-19.3795],[51.783,-19.4334],[51.7844,-19.4389],[51.7717,-19.4782],[51.7524,-19.5457],[51.7357,-19.6138],[51.7215,-19.6824],[51.7098,-19.7514],[51.7008,-19.8207],[51.6943,-19.8903],[51.6904,-19.9601],[51.6891,-20.03],[51.6904,-20.0999],[51.6943,-20.1697],[51.7008,-20.2393],[51.7098,-20.3086],[51.7215,-20.3776],[51.7357,-20.4462],[51.7524,-20.5143],[51.7717,-20.5818],[51.7934,-20.6487],[51.8176,-20.7147],[51.8443,-20.78],[51.8733,-20.8443],[51.9048,-20.9076],[51.9385,-20.9699],[51.9746,-21.031],[52.0129,-21.0909],[52.0534,-21.1495],[52.0961,-21.2067],[52.1408,-21.2626],[52.1876,-21.3169],[52.2364,-21.3696],[52.2872,-21.4207],[52.3398,-21.4701],[52.3942,-21.5178],[52.4503,-21.5636],[52.5081,-21.6076],[52.5675,-21.6497],[52.6284,-21.6897],[52.6908,-21.7278],[52.7546,-21.7638],[52.8196,-21.7977],[52.8859,-21.8294],[52.9533,-21.8589],[53.0218,-21.8862],[53.0912,-21.9113],[53.1615,-21.934],[53.2326,-21.9544],[53.3045,-21.9725],[53.377,-21.9883],[53.8648,-22.0801],[54.3663,-22.2269],[54.6189,-22.4861],[54.6616,-22.5287],[54.7058,-22.5699],[54.7515,-22.6096],[54.7987,-22.6478],[54.8473,-22.6844],[54.8972,-22.7194],[54.9484,-22.7528],[55.0008,-22.7845],[55.0544,-22.8145],[55.1091,-22.8428],[55.1648,-22.8692],[55.2215,-22.8938],[55.279,-22.9165],[55.3374,-22.9374],[56.2205,-23.2227],[57.2837,-23.658],[57.3387,-23.6796],[57.3945,-23.6994],[57.451,-23.7174],[57.5081,-23.7336],[57.5658,-23.7479],[57.6241,-23.7604],[57.6827,-23.7709],[59.7031,-24.1065],[59.7561,-24.1142],[59.8093,-24.1202],[59.8628,-24.1245],[59.9164,-24.1271],[59.97,-24.128],[61.55,-24.148]]]},"properties":{"eventtype":"TC","eventid":1001041,"episodeid":14,"eventname":"BELAL-24","glide":"","name":"Tropical Cyclone BELAL-24","description":"Tropical Cyclone BELAL-24","htmldescription":"Orange Tropical Cyclone BELAL-24 in Miscellaneous (French) Indian Ocean Islands, Mauritius, Madagascar from: 12 Jan 2024  to: 19 Jan 2024 .","icon":"https://www.gdacs.org/images/gdacs_icons/maps/Green/TC.png","iconoverall":"https://www.gdacs.org/images/gdacs_icons/maps/Orange/TC.png","url":{"geometry":"https://www.gdacs.org/gdacsapi/api/polygons/getgeometry?eventtype=TC&eventid=1001041&episodeid=14","report":"https://www.gdacs.org/report.aspx?eventid=1001041&episodeid=14&eventtype=TC","details":"https://www.gdacs.org/gdacsapi/api/events/geteventdata?eventtype=TC&eventid=1001041"},"alertlevel":"Orange","alertscore":2,"episodealertlevel":"Green","episodealertscore":1.0,"istemporary":"false","iscurrent":"false","country":"Miscellaneous (French) Indian Ocean Islands, Mauritius, Madagascar","fromdate":"2024-01-12T16:00:00","todate":"2024-01-19T04:00:00","datemodified":"2024-05-03T10:03:15","iso3":"REU","source":"RSMC","sourceid":"","polygondate":"2024-01-15T22:00:00","polygonlabel":"90 km/h","countryonland":"Miscellaneous (French) Indian Ocean Islands","affectedcountries":[{"iso2":"MU","iso3":"MUS","countryname":"Mauritius"},{"iso2":"MG","iso3":"MDG","countryname":"Madagascar"}],"severitydata":{"severity":158.33232,"severitytext":"Remnant Low (maximum wind speed of 158 km/h)","severityunit":"km/h"},"Class":"Poly_Orange","iconeventlink":"https://www.gdacs.org/images/gdacs_icons/maps/Green/TC.png","iconitemlink":"https://www.gdacs.org/images/gdacs_icons/maps/Green/TC.png"}},{"type":"Feature","bbox":[56.33,-13.63,56.69,-13.18],"geometry":{"type":"LineString","coordinates":[[56.69,-13.18],[56.33,-13.63]]},"properties":{"eventtype":"TC","eventid":1001041,"episodeid":14,"eventname":"BELAL-24","glide":"","name":"Tropical Cyclone BELAL-24","description":"Tropical Cyclone BELAL-24","htmldescription":"Orange Tropical Cyclone BELAL-24 in Miscellaneous (French) Indian Ocean Islands, Mauritius, Madagascar from: 12 Jan 2024  to: 19 Jan 2024 .","icon":"https://www.gdacs.org/images/gdacs_icons/maps/Green/TC.png","iconoverall":"https://www.gdacs.org/images/gdacs_icons/maps/Orange/TC.png","url":{"geometry":"https://www.gdacs.org/gdacsapi/api/polygons/getgeometry?eventtype=TC&eventid=1001041&episodeid=14","report":"https://www.gdacs.org/report.aspx?eventid=1001041&episodeid=14&eventtype=TC","details":"https://www.gdacs.org/gdacsapi/api/events/geteventdata?eventtype=TC&eventid=1001041"},"alertlevel":"Orange","alertscore":2,"episodealertlevel":"Green","episodealertscore":1.0,"istemporary":"false","iscurrent":"false","country":"Miscellaneous (French) Indian Ocean Islands, Mauritius, Madagascar","fromdate":"2024-01-12T16:00:00","todate":"2024-01-19T04:00:00","datemodified":"2024-05-03T10:03:15","iso3":"REU","source":"RSMC","sourceid":"","polygondate":"2024-01-15T22:00:00","polygonlabel":"TD","countryonland":"Miscellaneous (French) Indian Ocean Islands","affectedcountries":[{"iso2":"MU","iso3":"MUS","countryname":"Mauritius"},{"iso2":"MG","iso3":"MDG","countryname":"Madagascar"}],"severitydata":{"severity":158.33232,"severitytext":"Remnant Low (maximum wind speed of 158 km/h)","severityunit":"km/h"},"forecast":false,"Class":"Line_Line_24","iconeventlink":"https://www.gdacs.org/images/gdacs_icons/maps/Green/TC.png","iconitemlink":"https://www.gdacs.org/images/gdacs_icons/maps/Green/TC.png"}},{"type":"Feature","bbox":[62.04,-22.09,62.43,-22.02],"geometry":{"type":"LineString","coordinates":[[62.43,-22.09],[62.04,-22.02]]},"properties":{"eventtype":"TC","eventid":1001041,"episodeid":14,"eventname":"BELAL-24","glide":"","name":"Tropical Cyclone BELAL-24","description":"Tropical Cyclone BELAL-24","htmldescription":"Orange Tropical Cyclone BELAL-24 in Miscellaneous (French) Indian Ocean Islands, Mauritius, Madagascar from: 12 Jan 2024  to: 19 Jan 2024 .","icon":"https://www.gdacs.org/images/gdacs_icons/maps/Green/TC.png","iconoverall":"https://www.gdacs.org/images/gdacs_icons/maps/Orange/TC.png","url":{"geometry":"https://www.gdacs.org/gdacsapi/api/polygons/getgeometry?eventtype=TC&eventid=1001041&episodeid=14","report":"https://www.gdacs.org/report.aspx?eventid=1001041&episodeid=14&eventtype=TC","details":"https://www.gdacs.org/gdacsapi/api/events/geteventdata?eventtype=TC&eventid=1001041"},"alertlevel":"Orange","alertscore":2,"episodealertlevel":"Green","episodealertscore":1.0,"istemporary":"false","iscurrent":"false","country":"Miscellaneous (French) Indian Ocean Islands, Mauritius, Madagascar","fromdate":"2024-01-12T16:00:00","todate":"2024-01-19T04:00:00","datemodified":"2024-05-03T10:03:15","iso3":"REU","source":"RSMC","sourceid":"","polygondate":"2024-01-15T22:00:00","polygonlabel":"TS","countryonland":"Miscellaneous (French) Indian Ocean Islands","affectedcountries":[{"iso2":"MU","iso3":"MUS","countryname":"Mauritius"},{"iso2":"MG","iso3":"MDG","countryname":"Madagascar"}],"severitydata":{"severity":158.33232,"severitytext":"Remnant Low (maximum wind speed of 158 km/h)","severityunit":"km/h"},"forecast":true,"Class":"Line_Line_0","iconeventlink":"https://www.gdacs.org/images/gdacs_icons/maps/Green/TC.png","iconitemlink":"https://www.gdacs.org/images/gdacs_icons/maps/Green/TC.png"}},{"type":"Feature","bbox":[54.94,-15.76,55.77,-14.81],"geometry":{"type":"LineString","coordinates":[[55.77,-14.81],[54.94,-15.76]]},"properties":{"eventtype":"TC","eventid":1001041,"episodeid":14,"eventname":"BELAL-24","glide":"","name":"Tropical Cyclone BELAL-24","description":"Tropical Cyclone BELAL-24","htmldescription":"Orange Tropical Cyclone BELAL-24 in Miscellaneous (French) Indian Ocean Islands, Mauritius, Madagascar from: 12 Jan 2024  to: 19 Jan 2024 .","icon":"https://www.gdacs.org/images/gdacs_icons/maps/Green/TC.png","iconoverall":"https://www.gdacs.org/images/gdacs_icons/maps/Orange/TC.png","url":{"geometry":"https://www.gdacs.org/gdacsapi/api/polygons/getgeometry?eventtype=TC&eventid=1001041&episodeid=14","report":"https://www.gdacs.org/report.aspx?eventid=1001041&episodeid=14&eventtype=TC","details":"https://www.gdacs.org/gdacsapi/api/events/geteventdata?eventtype=TC&eventid=1001041"},"alertlevel":"Orange","alertscore":2,"episodealertlevel":"Green","episodealertscore":1.0,"istemporary":"false","iscurrent":"false","country":"Miscellaneous (French) Indian Ocean Islands, Mauritius, Madagascar","fromdate":"2024-01-12T16:00:00","todate":"2024-01-19T04:00:00","datemodified":"2024-05-03T10:03:15","iso3":"REU","source":"RSMC","sourceid":"","polygondate":"2024-01-15T22:00:00","polygonlabel":"TS","countryonland":"Miscellaneous (French) Indian Ocean Islands","affectedcountries":[{"iso2":"MU","iso3":"MUS","countryname":"Mauritius"},{"iso2":"MG","iso3":"MDG","countryname":"Madagascar"}],"severitydata":{"severity":158.33232,"severitytext":"Remnant Low (maximum wind speed of 158 km/h)","severityunit":"km/h"},"forecast":false,"Class":"Line_Line_1","iconeventlink":"https://www.gdacs.org/images/gdacs_icons/maps/Green/TC.png","iconitemlink":"https://www.gdacs.org/images/gdacs_icons/maps/Green/TC.png"}},{"type":"Feature","bbox":[55.77,-14.81,56.33,-13.63],"geometry":{"type":"LineString","coordinates":[[56.33,-13.63],[55.77,-14.81]]},"properties":{"eventtype":"TC","eventid":1001041,"episodeid":14,"eventname":"BELAL-24","glide":"","name":"Tropical Cyclone BELAL-24","description":"Tropical Cyclone BELAL-24","htmldescription":"Orange Tropical Cyclone BELAL-24 in Miscellaneous (French) Indian Ocean Islands, Mauritius, Madagascar from: 12 Jan 2024  to: 19 Jan 2024 .","icon":"https://www.gdacs.org/images/gdacs_icons/maps/Green/TC.png","iconoverall":"https://www.gdacs.org/images/gdacs_icons/maps/Orange/TC.png","url":{"geometry":"https://www.gdacs.org/gdacsapi/api/polygons/getgeometry?eventtype=TC&eventid=1001041&episodeid=14","report":"https://www.gdacs.org/report.aspx?eventid=1001041&episodeid=14&eventtype=TC","details":"https://www.gdacs.org/gdacsapi/api/events/geteventdata?eventtype=TC&eventid=1001041"},"alertlevel":"Orange","alertscore":2,"episodealertlevel":"Green","episodealertscore":1.0,"istemporary":"false","iscurrent":"false","country":"Miscellaneous (French) Indian Ocean Islands, Mauritius, Madagascar","fromdate":"2024-01-12T16:00:00","todate":"2024-01-19T04:00:00","datemodified":"2024-05-03T10:03:15","iso3":"REU","source":"RSMC","sourceid":"","polygondate":"2024-01-15T22:00:00","polygonlabel":"TS","countryonland":"Miscellaneous (French) Indian Ocean Islands","affectedcountries":[{"iso2":"MU","iso3":"MUS","countryname":"Mauritius"},{"iso2":"MG","iso3":"MDG","countryname":"Madagascar"}],"severitydata":{"severity":158.33232,"severitytext":"Remnant Low (maximum wind speed of 158 km/h)","severityunit":"km/h"},"forecast":false,"Class":"Line_Line_2","iconeventlink":"https://www.gdacs.org/images/gdacs_icons/maps/Green/TC.png","iconitemlink":"https://www.gdacs.org/images/gdacs_icons/maps/Green/TC.png"}},{"type":"Feature","bbox":[62.43,-22.09,62.74,-21.9],"geometry":{"type":"LineString","coordinates":[[62.74,-21.9],[62.43,-22.09]]},"properties":{"eventtype":"TC","eventid":1001041,"episodeid":14,"eventname":"BELAL-24","glide":"","name":"Tropical Cyclone BELAL-24","description":"Tropical Cyclone BELAL-24","htmldescription":"Orange Tropical Cyclone BELAL-24 in Miscellaneous (French) Indian Ocean Islands, Mauritius, Madagascar from: 12 Jan 2024  to: 19 Jan 2024 .","icon":"https://www.gdacs.org/images/gdacs_icons/maps/Green/TC.png","iconoverall":"https://www.gdacs.org/images/gdacs_icons/maps/Orange/TC.png","url":{"geometry":"https://www.gdacs.org/gdacsapi/api/polygons/getgeometry?eventtype=TC&eventid=1001041&episodeid=14","report":"https://www.gdacs.org/report.aspx?eventid=1001041&episodeid=14&eventtype=TC","details":"https://www.gdacs.org/gdacsapi/api/events/geteventdata?eventtype=TC&eventid=1001041"},"alertlevel":"Orange","alertscore":2,"episodealertlevel":"Green","episodealertscore":1.0,"istemporary":"false","iscurrent":"false","country":"Miscellaneous (French) Indian Ocean Islands, Mauritius, Madagascar","fromdate":"2024-01-12T16:00:00","todate":"2024-01-19T04:00:00","datemodified":"2024-05-03T10:03:15","iso3":"REU","source":"RSMC","sourceid":"","polygondate":"2024-01-15T22:00:00","polygonlabel":"TS","countryonland":"Miscellaneous (French) Indian Ocean Islands","affectedcountries":[{"iso2":"MU","iso3":"MUS","countryname":"Mauritius"},{"iso2":"MG","iso3":"MDG","countryname":"Madagascar"}],"severitydata":{"severity":158.33232,"severitytext":"Remnant Low (maximum wind speed of 158 km/h)","severityunit":"km/h"},"forecast":true,"Class":"Line_Line_3","iconeventlink":"https://www.gdacs.org/images/gdacs_icons/maps/Green/TC.png","iconitemlink":"https://www.gdacs.org/images/gdacs_icons/maps/Green/TC.png"}},{"type":"Feature","bbox":[62.74,-21.9,63.28,-21.74],"geometry":{"type":"LineString","coordinates":[[63.28,-21.74],[62.74,-21.9]]},"properties":{"eventtype":"TC","eventid":1001041,"episodeid":14,"eventname":"BELAL-24","glide":"","name":"Tropical Cyclone BELAL-24","description":"Tropical Cyclone BELAL-24","htmldescription":"Orange Tropical Cyclone BELAL-24 in Miscellaneous (French) Indian Ocean Islands, Mauritius, Madagascar from: 12 Jan 2024  to: 19 Jan 2024 .","icon":"https://www.gdacs.org/images/gdacs_icons/maps/Green/TC.png","iconoverall":"https://www.gdacs.org/images/gdacs_icons/maps/Orange/TC.png","url":{"geometry":"https://www.gdacs.org/gdacsapi/api/polygons/getgeometry?eventtype=TC&eventid=1001041&episodeid=14","report":"https://www.gdacs.org/report.aspx?eventid=1001041&episodeid=14&eventtype=TC","details":"https://www.gdacs.org/gdacsapi/api/events/geteventdata?eventtype=TC&eventid=1001041"},"alertlevel":"Orange","alertscore":2,"episodealertlevel":"Green","episodealertscore":1.0,"istemporary":"false","iscurrent":"false","country":"Miscellaneous (French) Indian Ocean Islands, Mauritius, Madagascar","fromdate":"2024-01-12T16:00:00","todate":"2024-01-19T04:00:00","datemodified":"2024-05-03T10:03:15","iso3":"REU","source":"RSMC","sourceid":"","polygondate":"2024-01-15T22:00:00","polygonlabel":"TS","countryonland":"Miscellaneous (French) Indian Ocean Islands","affectedcountries":[{"iso2":"MU","iso3":"MUS","countryname":"Mauritius"},{"iso2":"MG","iso3":"MDG","countryname":"Madagascar"}],"severitydata":{"severity":158.33232,"severitytext":"Remnant Low (maximum wind speed of 158 km/h)","severityunit":"km/h"},"forecast":true,"Class":"Line_Line_4","iconeventlink":"https://www.gdacs.org/images/gdacs_icons/maps/Green/TC.png","iconitemlink":"https://www.gdacs.org/images/gdacs_icons/maps/Green/TC.png"}},{"type":"Feature","bbox":[63.28,-22.16,63.42,-21.74],"geometry":{"type":"LineString","coordinates":[[63.42,-22.16],[63.28,-21.74]]},"properties":{"eventtype":"TC","eventid":1001041,"episodeid":14,"eventname":"BELAL-24","glide":"","name":"Tropical Cyclone BELAL-24","description":"Tropical Cyclone BELAL-24","htmldescription":"Orange Tropical Cyclone BELAL-24 in Miscellaneous (French) Indian Ocean Islands, Mauritius, Madagascar from: 12 Jan 2024  to: 19 Jan 2024 .","icon":"https://www.gdacs.org/images/gdacs_icons/maps/Green/TC.png","iconoverall":"https://www.gdacs.org/images/gdacs_icons/maps/Orange/TC.png","url":{"geometry":"https://www.gdacs.org/gdacsapi/api/polygons/getgeometry?eventtype=TC&eventid=1001041&episodeid=14","report":"https://www.gdacs.org/report.aspx?eventid=1001041&episodeid=14&eventtype=TC","details":"https://www.gdacs.org/gdacsapi/api/events/geteventdata?eventtype=TC&eventid=1001041"},"alertlevel":"Orange","alertscore":2,"episodealertlevel":"Green","episodealertscore":1.0,"istemporary":"false","iscurrent":"false","country":"Miscellaneous (French) Indian Ocean Islands, Mauritius, Madagascar","fromdate":"2024-01-12T16:00:00","todate":"2024-01-19T04:00:00","datemodified":"2024-05-03T10:03:15","iso3":"REU","source":"RSMC","sourceid":"","polygondate":"2024-01-15T22:00:00","polygonlabel":"TS","countryonland":"Miscellaneous (French) Indian Ocean Islands","affectedcountries":[{"iso2":"MU","iso3":"MUS","countryname":"Mauritius"},{"iso2":"MG","iso3":"MDG","countryname":"Madagascar"}],"severitydata":{"severity":158.33232,"severitytext":"Remnant Low (maximum wind speed of 158 km/h)","severityunit":"km/h"},"forecast":true,"Class":"Line_Line_5","iconeventlink":"https://www.gdacs.org/images/gdacs_icons/maps/Green/TC.png","iconitemlink":"https://www.gdacs.org/images/gdacs_icons/maps/Green/TC.png"}},{"type":"Feature","bbox":[61.65,-22.02,62.04,-21.78],"geometry":{"type":"LineString","coordinates":[[62.04,-22.02],[61.65,-21.78]]},"properties":{"eventtype":"TC","eventid":1001041,"episodeid":14,"eventname":"BELAL-24","glide":"","name":"Tropical Cyclone BELAL-24","description":"Tropical Cyclone BELAL-24","htmldescription":"Orange Tropical Cyclone BELAL-24 in Miscellaneous (French) Indian Ocean Islands, Mauritius, Madagascar from: 12 Jan 2024  to: 19 Jan 2024 .","icon":"https://www.gdacs.org/images/gdacs_icons/maps/Green/TC.png","iconoverall":"https://www.gdacs.org/images/gdacs_icons/maps/Orange/TC.png","url":{"geometry":"https://www.gdacs.org/gdacsapi/api/polygons/getgeometry?eventtype=TC&eventid=1001041&episodeid=14","report":"https://www.gdacs.org/report.aspx?eventid=1001041&episodeid=14&eventtype=TC","details":"https://www.gdacs.org/gdacsapi/api/events/geteventdata?eventtype=TC&eventid=1001041"},"alertlevel":"Orange","alertscore":2,"episodealertlevel":"Green","episodealertscore":1.0,"istemporary":"false","iscurrent":"false","country":"Miscellaneous (French) Indian Ocean Islands, Mauritius, Madagascar","fromdate":"2024-01-12T16:00:00","todate":"2024-01-19T04:00:00","datemodified":"2024-05-03T10:03:15","iso3":"REU","source":"RSMC","sourceid":"","polygondate":"2024-01-15T22:00:00","polygonlabel":"TS","countryonland":"Miscellaneous (French) Indian Ocean Islands","affectedcountries":[{"iso2":"MU","iso3":"MUS","countryname":"Mauritius"},{"iso2":"MG","iso3":"MDG","countryname":"Madagascar"}],"severitydata":{"severity":158.33232,"severitytext":"Remnant Low (maximum wind speed of 158 km/h)","severityunit":"km/h"},"forecast":true,"Class":"Line_Line_6","iconeventlink":"https://www.gdacs.org/images/gdacs_icons/maps/Green/TC.png","iconitemlink":"https://www.gdacs.org/images/gdacs_icons/maps/Green/TC.png"}},{"type":"Feature","bbox":[53.75,-17.54,54.17,-16.7],"geometry":{"type":"LineString","coordinates":[[54.17,-16.7],[53.75,-17.54]]},"properties":{"eventtype":"TC","eventid":1001041,"episodeid":14,"eventname":"BELAL-24","glide":"","name":"Tropical Cyclone BELAL-24","description":"Tropical Cyclone BELAL-24","htmldescription":"Orange Tropical Cyclone BELAL-24 in Miscellaneous (French) Indian Ocean Islands, Mauritius, Madagascar from: 12 Jan 2024  to: 19 Jan 2024 .","icon":"https://www.gdacs.org/images/gdacs_icons/maps/Green/TC.png","iconoverall":"https://www.gdacs.org/images/gdacs_icons/maps/Orange/TC.png","url":{"geometry":"https://www.gdacs.org/gdacsapi/api/polygons/getgeometry?eventtype=TC&eventid=1001041&episodeid=14","report":"https://www.gdacs.org/report.aspx?eventid=1001041&episodeid=14&eventtype=TC","details":"https://www.gdacs.org/gdacsapi/api/events/geteventdata?eventtype=TC&eventid=1001041"},"alertlevel":"Orange","alertscore":2,"episodealertlevel":"Green","episodealertscore":1.0,"istemporary":"false","iscurrent":"false","country":"Miscellaneous (French) Indian Ocean Islands, Mauritius, Madagascar","fromdate":"2024-01-12T16:00:00","todate":"2024-01-19T04:00:00","datemodified":"2024-05-03T10:03:15","iso3":"REU","source":"RSMC","sourceid":"","polygondate":"2024-01-15T22:00:00","polygonlabel":"TS","countryonland":"Miscellaneous (French) Indian Ocean Islands","affectedcountries":[{"iso2":"MU","iso3":"MUS","countryname":"Mauritius"},{"iso2":"MG","iso3":"MDG","countryname":"Madagascar"}],"severitydata":{"severity":158.33232,"severitytext":"Remnant Low (maximum wind speed of 158 km/h)","severityunit":"km/h"},"forecast":false,"Class":"Line_Line_7","iconeventlink":"https://www.gdacs.org/images/gdacs_icons/maps/Green/TC.png","iconitemlink":"https://www.gdacs.org/images/gdacs_icons/maps/Green/TC.png"}},{"type":"Feature","bbox":[54.17,-16.7,54.94,-15.76],"geometry":{"type":"LineString","coordinates":[[54.94,-15.76],[54.17,-16.7]]},"properties":{"eventtype":"TC","eventid":1001041,"episodeid":14,"eventname":"BELAL-24","glide":"","name":"Tropical Cyclone BELAL-24","description":"Tropical Cyclone BELAL-24","htmldescription":"Orange Tropical Cyclone BELAL-24 in Miscellaneous (French) Indian Ocean Islands, Mauritius, Madagascar from: 12 Jan 2024  to: 19 Jan 2024 .","icon":"https://www.gdacs.org/images/gdacs_icons/maps/Green/TC.png","iconoverall":"https://www.gdacs.org/images/gdacs_icons/maps/Orange/TC.png","url":{"geometry":"https://www.gdacs.org/gdacsapi/api/polygons/getgeometry?eventtype=TC&eventid=1001041&episodeid=14","report":"https://www.gdacs.org/report.aspx?eventid=1001041&episodeid=14&eventtype=TC","details":"https://www.gdacs.org/gdacsapi/api/events/geteventdata?eventtype=TC&eventid=1001041"},"alertlevel":"Orange","alertscore":2,"episodealertlevel":"Green","episodealertscore":1.0,"istemporary":"false","iscurrent":"false","country":"Miscellaneous (French) Indian Ocean Islands, Mauritius, Madagascar","fromdate":"2024-01-12T16:00:00","todate":"2024-01-19T04:00:00","datemodified":"2024-05-03T10:03:15","iso3":"REU","source":"RSMC","sourceid":"","polygondate":"2024-01-15T22:00:00","polygonlabel":"TS","countryonland":"Miscellaneous (French) Indian Ocean Islands","affectedcountries":[{"iso2":"MU","iso3":"MUS","countryname":"Mauritius"},{"iso2":"MG","iso3":"MDG","countryname":"Madagascar"}],"severitydata":{"severity":158.33232,"severitytext":"Remnant Low (maximum wind speed of 158 km/h)","severityunit":"km/h"},"forecast":false,"Class":"Line_Line_8","iconeventlink":"https://www.gdacs.org/images/gdacs_icons/maps/Green/TC.png","iconitemlink":"https://www.gdacs.org/images/gdacs_icons/maps/Green/TC.png"}},{"type":"Feature","bbox":[55.95,-21.67,56.88,-21.37],"geometry":{"type":"LineString","coordinates":[[55.95,-21.37],[56.88,-21.67]]},"properties":{"eventtype":"TC","eventid":1001041,"episodeid":14,"eventname":"BELAL-24","glide":"","name":"Tropical Cyclone BELAL-24","description":"Tropical Cyclone BELAL-24","htmldescription":"Orange Tropical Cyclone BELAL-24 in Miscellaneous (French) Indian Ocean Islands, Mauritius, Madagascar from: 12 Jan 2024  to: 19 Jan 2024 .","icon":"https://www.gdacs.org/images/gdacs_icons/maps/Green/TC.png","iconoverall":"https://www.gdacs.org/images/gdacs_icons/maps/Orange/TC.png","url":{"geometry":"https://www.gdacs.org/gdacsapi/api/polygons/getgeometry?eventtype=TC&eventid=1001041&episodeid=14","report":"https://www.gdacs.org/report.aspx?eventid=1001041&episodeid=14&eventtype=TC","details":"https://www.gdacs.org/gdacsapi/api/events/geteventdata?eventtype=TC&eventid=1001041"},"alertlevel":"Orange","alertscore":2,"episodealertlevel":"Green","episodealertscore":1.0,"istemporary":"false","iscurrent":"false","country":"Miscellaneous (French) Indian Ocean Islands, Mauritius, Madagascar","fromdate":"2024-01-12T16:00:00","todate":"2024-01-19T04:00:00","datemodified":"2024-05-03T10:03:15","iso3":"REU","source":"RSMC","sourceid":"","polygondate":"2024-01-15T22:00:00","polygonlabel":"TS","countryonland":"Miscellaneous (French) Indian Ocean Islands","affectedcountries":[{"iso2":"MU","iso3":"MUS","countryname":"Mauritius"},{"iso2":"MG","iso3":"MDG","countryname":"Madagascar"}],"severitydata":{"severity":158.33232,"severitytext":"Remnant Low (maximum wind speed of 158 km/h)","severityunit":"km/h"},"forecast":false,"Class":"Line_Line_9","iconeventlink":"https://www.gdacs.org/images/gdacs_icons/maps/Green/TC.png","iconitemlink":"https://www.gdacs.org/images/gdacs_icons/maps/Green/TC.png"}},{"type":"Feature","bbox":[56.88,-22.21,57.98,-21.67],"geometry":{"type":"LineString","coordinates":[[56.88,-21.67],[57.98,-22.21]]},"properties":{"eventtype":"TC","eventid":1001041,"episodeid":14,"eventname":"BELAL-24","glide":"","name":"Tropical Cyclone BELAL-24","description":"Tropical Cyclone BELAL-24","htmldescription":"Orange Tropical Cyclone BELAL-24 in Miscellaneous (French) Indian Ocean Islands, Mauritius, Madagascar from: 12 Jan 2024  to: 19 Jan 2024 .","icon":"https://www.gdacs.org/images/gdacs_icons/maps/Green/TC.png","iconoverall":"https://www.gdacs.org/images/gdacs_icons/maps/Orange/TC.png","url":{"geometry":"https://www.gdacs.org/gdacsapi/api/polygons/getgeometry?eventtype=TC&eventid=1001041&episodeid=14","report":"https://www.gdacs.org/report.aspx?eventid=1001041&episodeid=14&eventtype=TC","details":"https://www.gdacs.org/gdacsapi/api/events/geteventdata?eventtype=TC&eventid=1001041"},"alertlevel":"Orange","alertscore":2,"episodealertlevel":"Green","episodealertscore":1.0,"istemporary":"false","iscurrent":"false","country":"Miscellaneous (French) Indian Ocean Islands, Mauritius, Madagascar","fromdate":"2024-01-12T16:00:00","todate":"2024-01-19T04:00:00","datemodified":"2024-05-03T10:03:15","iso3":"REU","source":"RSMC","sourceid":"","polygondate":"2024-01-15T22:00:00","polygonlabel":"TS","countryonland":"Miscellaneous (French) Indian Ocean Islands","affectedcountries":[{"iso2":"MU","iso3":"MUS","countryname":"Mauritius"},{"iso2":"MG","iso3":"MDG","countryname":"Madagascar"}],"severitydata":{"severity":158.33232,"severitytext":"Remnant Low (maximum wind speed of 158 km/h)","severityunit":"km/h"},"forecast":true,"Class":"Line_Line_10","iconeventlink":"https://www.gdacs.org/images/gdacs_icons/maps/Green/TC.png","iconitemlink":"https://www.gdacs.org/images/gdacs_icons/maps/Green/TC.png"}},{"type":"Feature","bbox":[57.98,-22.71,59.97,-22.21],"geometry":{"type":"LineString","coordinates":[[57.98,-22.21],[59.97,-22.71]]},"properties":{"eventtype":"TC","eventid":1001041,"episodeid":14,"eventname":"BELAL-24","glide":"","name":"Tropical Cyclone BELAL-24","description":"Tropical Cyclone BELAL-24","htmldescription":"Orange Tropical Cyclone BELAL-24 in Miscellaneous (French) Indian Ocean Islands, Mauritius, Madagascar from: 12 Jan 2024  to: 19 Jan 2024 .","icon":"https://www.gdacs.org/images/gdacs_icons/maps/Green/TC.png","iconoverall":"https://www.gdacs.org/images/gdacs_icons/maps/Orange/TC.png","url":{"geometry":"https://www.gdacs.org/gdacsapi/api/polygons/getgeometry?eventtype=TC&eventid=1001041&episodeid=14","report":"https://www.gdacs.org/report.aspx?eventid=1001041&episodeid=14&eventtype=TC","details":"https://www.gdacs.org/gdacsapi/api/events/geteventdata?eventtype=TC&eventid=1001041"},"alertlevel":"Orange","alertscore":2,"episodealertlevel":"Green","episodealertscore":1.0,"istemporary":"false","iscurrent":"false","country":"Miscellaneous (French) Indian Ocean Islands, Mauritius, Madagascar","fromdate":"2024-01-12T16:00:00","todate":"2024-01-19T04:00:00","datemodified":"2024-05-03T10:03:15","iso3":"REU","source":"RSMC","sourceid":"","polygondate":"2024-01-15T22:00:00","polygonlabel":"TS","countryonland":"Miscellaneous (French) Indian Ocean Islands","affectedcountries":[{"iso2":"MU","iso3":"MUS","countryname":"Mauritius"},{"iso2":"MG","iso3":"MDG","countryname":"Madagascar"}],"severitydata":{"severity":158.33232,"severitytext":"Remnant Low (maximum wind speed of 158 km/h)","severityunit":"km/h"},"forecast":true,"Class":"Line_Line_11","iconeventlink":"https://www.gdacs.org/images/gdacs_icons/maps/Green/TC.png","iconitemlink":"https://www.gdacs.org/images/gdacs_icons/maps/Green/TC.png"}},{"type":"Feature","bbox":[59.97,-22.73,61.55,-22.71],"geometry":{"type":"LineString","coordinates":[[59.97,-22.71],[61.55,-22.73]]},"properties":{"eventtype":"TC","eventid":1001041,"episodeid":14,"eventname":"BELAL-24","glide":"","name":"Tropical Cyclone BELAL-24","description":"Tropical Cyclone BELAL-24","htmldescription":"Orange Tropical Cyclone BELAL-24 in Miscellaneous (French) Indian Ocean Islands, Mauritius, Madagascar from: 12 Jan 2024  to: 19 Jan 2024 .","icon":"https://www.gdacs.org/images/gdacs_icons/maps/Green/TC.png","iconoverall":"https://www.gdacs.org/images/gdacs_icons/maps/Orange/TC.png","url":{"geometry":"https://www.gdacs.org/gdacsapi/api/polygons/getgeometry?eventtype=TC&eventid=1001041&episodeid=14","report":"https://www.gdacs.org/report.aspx?eventid=1001041&episodeid=14&eventtype=TC","details":"https://www.gdacs.org/gdacsapi/api/events/geteventdata?eventtype=TC&eventid=1001041"},"alertlevel":"Orange","alertscore":2,"episodealertlevel":"Green","episodealertscore":1.0,"istemporary":"false","iscurrent":"false","country":"Miscellaneous (French) Indian Ocean Islands, Mauritius, Madagascar","fromdate":"2024-01-12T16:00:00","todate":"2024-01-19T04:00:00","datemodified":"2024-05-03T10:03:15","iso3":"REU","source":"RSMC","sourceid":"","polygondate":"2024-01-15T22:00:00","polygonlabel":"TS","countryonland":"Miscellaneous (French) Indian Ocean Islands","affectedcountries":[{"iso2":"MU","iso3":"MUS","countryname":"Mauritius"},{"iso2":"MG","iso3":"MDG","countryname":"Madagascar"}],"severitydata":{"severity":158.33232,"severitytext":"Remnant Low (maximum wind speed of 158 km/h)","severityunit":"km/h"},"forecast":true,"Class":"Line_Line_12","iconeventlink":"https://www.gdacs.org/images/gdacs_icons/maps/Green/TC.png","iconitemlink":"https://www.gdacs.org/images/gdacs_icons/maps/Green/TC.png"}},{"type":"Feature","bbox":[61.55,-22.73,62.96,-22.52],"geometry":{"type":"LineString","coordinates":[[61.55,-22.73],[62.96,-22.52]]},"properties":{"eventtype":"TC","eventid":1001041,"episodeid":14,"eventname":"BELAL-24","glide":"","name":"Tropical Cyclone BELAL-24","description":"Tropical Cyclone BELAL-24","htmldescription":"Orange Tropical Cyclone BELAL-24 in Miscellaneous (French) Indian Ocean Islands, Mauritius, Madagascar from: 12 Jan 2024  to: 19 Jan 2024 .","icon":"https://www.gdacs.org/images/gdacs_icons/maps/Green/TC.png","iconoverall":"https://www.gdacs.org/images/gdacs_icons/maps/Orange/TC.png","url":{"geometry":"https://www.gdacs.org/gdacsapi/api/polygons/getgeometry?eventtype=TC&eventid=1001041&episodeid=14","report":"https://www.gdacs.org/report.aspx?eventid=1001041&episodeid=14&eventtype=TC","details":"https://www.gdacs.org/gdacsapi/api/events/geteventdata?eventtype=TC&eventid=1001041"},"alertlevel":"Orange","alertscore":2,"episodealertlevel":"Green","episodealertscore":1.0,"istemporary":"false","iscurrent":"false","country":"Miscellaneous (French) Indian Ocean Islands, Mauritius, Madagascar","fromdate":"2024-01-12T16:00:00","todate":"2024-01-19T04:00:00","datemodified":"2024-05-03T10:03:15","iso3":"REU","source":"RSMC","sourceid":"","polygondate":"2024-01-15T22:00:00","polygonlabel":"TS","countryonland":"Miscellaneous (French) Indian Ocean Islands","affectedcountries":[{"iso2":"MU","iso3":"MUS","countryname":"Mauritius"},{"iso2":"MG","iso3":"MDG","countryname":"Madagascar"}],"severitydata":{"severity":158.33232,"severitytext":"Remnant Low (maximum wind speed of 158 km/h)","severityunit":"km/h"},"forecast":true,"Class":"Line_Line_13","iconeventlink":"https://www.gdacs.org/images/gdacs_icons/maps/Green/TC.png","iconitemlink":"https://www.gdacs.org/images/gdacs_icons/maps/Green/TC.png"}},{"type":"Feature","bbox":[62.96,-22.52,63.42,-22.16],"geometry":{"type":"LineString","coordinates":[[62.96,-22.52],[63.42,-22.16]]},"properties":{"eventtype":"TC","eventid":1001041,"episodeid":14,"eventname":"BELAL-24","glide":"","name":"Tropical Cyclone BELAL-24","description":"Tropical Cyclone BELAL-24","htmldescription":"Orange Tropical Cyclone BELAL-24 in Miscellaneous (French) Indian Ocean Islands, Mauritius, Madagascar from: 12 Jan 2024  to: 19 Jan 2024 .","icon":"https://www.gdacs.org/images/gdacs_icons/maps/Green/TC.png","iconoverall":"https://www.gdacs.org/images/gdacs_icons/maps/Orange/TC.png","url":{"geometry":"https://www.gdacs.org/gdacsapi/api/polygons/getgeometry?eventtype=TC&eventid=1001041&episodeid=14","report":"https://www.gdacs.org/report.aspx?eventid=1001041&episodeid=14&eventtype=TC","details":"https://www.gdacs.org/gdacsapi/api/events/geteventdata?eventtype=TC&eventid=1001041"},"alertlevel":"Orange","alertscore":2,"episodealertlevel":"Green","episodealertscore":1.0,"istemporary":"false","iscurrent":"false","country":"Miscellaneous (French) Indian Ocean Islands, Mauritius, Madagascar","fromdate":"2024-01-12T16:00:00","todate":"2024-01-19T04:00:00","datemodified":"2024-05-03T10:03:15","iso3":"REU","source":"RSMC","sourceid":"","polygondate":"2024-01-15T22:00:00","polygonlabel":"TS","countryonland":"Miscellaneous (French) Indian Ocean Islands","affectedcountries":[{"iso2":"MU","iso3":"MUS","countryname":"Mauritius"},{"iso2":"MG","iso3":"MDG","countryname":"Madagascar"}],"severitydata":{"severity":158.33232,"severitytext":"Remnant Low (maximum wind speed of 158 km/h)","severityunit":"km/h"},"forecast":true,"Class":"Line_Line_14","iconeventlink":"https://www.gdacs.org/images/gdacs_icons/maps/Green/TC.png","iconitemlink":"https://www.gdacs.org/images/gdacs_icons/maps/Green/TC.png"}},{"type":"Feature","bbox":[53.41,-19.41,53.51,-19.05],"geometry":{"type":"LineString","coordinates":[[53.41,-19.05],[53.51,-19.41]]},"properties":{"eventtype":"TC","eventid":1001041,"episodeid":14,"eventname":"BELAL-24","glide":"","name":"Tropical Cyclone BELAL-24","description":"Tropical Cyclone BELAL-24","htmldescription":"Orange Tropical Cyclone BELAL-24 in Miscellaneous (French) Indian Ocean Islands, Mauritius, Madagascar from: 12 Jan 2024  to: 19 Jan 2024 .","icon":"https://www.gdacs.org/images/gdacs_icons/maps/Green/TC.png","iconoverall":"https://www.gdacs.org/images/gdacs_icons/maps/Orange/TC.png","url":{"geometry":"https://www.gdacs.org/gdacsapi/api/polygons/getgeometry?eventtype=TC&eventid=1001041&episodeid=14","report":"https://www.gdacs.org/report.aspx?eventid=1001041&episodeid=14&eventtype=TC","details":"https://www.gdacs.org/gdacsapi/api/events/geteventdata?eventtype=TC&eventid=1001041"},"alertlevel":"Orange","alertscore":2,"episodealertlevel":"Green","episodealertscore":1.0,"istemporary":"false","iscurrent":"false","country":"Miscellaneous (French) Indian Ocean Islands, Mauritius, Madagascar","fromdate":"2024-01-12T16:00:00","todate":"2024-01-19T04:00:00","datemodified":"2024-05-03T10:03:15","iso3":"REU","source":"RSMC","sourceid":"","polygondate":"2024-01-15T22:00:00","polygonlabel":"TS","countryonland":"Miscellaneous (French) Indian Ocean Islands","affectedcountries":[{"iso2":"MU","iso3":"MUS","countryname":"Mauritius"},{"iso2":"MG","iso3":"MDG","countryname":"Madagascar"}],"severitydata":{"severity":158.33232,"severitytext":"Remnant Low (maximum wind speed of 158 km/h)","severityunit":"km/h"},"forecast":false,"Class":"Line_Line_15","iconeventlink":"https://www.gdacs.org/images/gdacs_icons/maps/Green/TC.png","iconitemlink":"https://www.gdacs.org/images/gdacs_icons/maps/Green/TC.png"}},{"type":"Feature","bbox":[53.46,-19.69,53.58,-19.69],"geometry":{"type":"LineString","coordinates":[[53.46,-19.69],[53.58,-19.69]]},"properties":{"eventtype":"TC","eventid":1001041,"episodeid":14,"eventname":"BELAL-24","glide":"","name":"Tropical Cyclone BELAL-24","description":"Tropical Cyclone BELAL-24","htmldescription":"Orange Tropical Cyclone BELAL-24 in Miscellaneous (French) Indian Ocean Islands, Mauritius, Madagascar from: 12 Jan 2024  to: 19 Jan 2024 .","icon":"https://www.gdacs.org/images/gdacs_icons/maps/Green/TC.png","iconoverall":"https://www.gdacs.org/images/gdacs_icons/maps/Orange/TC.png","url":{"geometry":"https://www.gdacs.org/gdacsapi/api/polygons/getgeometry?eventtype=TC&eventid=1001041&episodeid=14","report":"https://www.gdacs.org/report.aspx?eventid=1001041&episodeid=14&eventtype=TC","details":"https://www.gdacs.org/gdacsapi/api/events/geteventdata?eventtype=TC&eventid=1001041"},"alertlevel":"Orange","alertscore":2,"episodealertlevel":"Green","episodealertscore":1.0,"istemporary":"false","iscurrent":"false","country":"Miscellaneous (French) Indian Ocean Islands, Mauritius, Madagascar","fromdate":"2024-01-12T16:00:00","todate":"2024-01-19T04:00:00","datemodified":"2024-05-03T10:03:15","iso3":"REU","source":"RSMC","sourceid":"","polygondate":"2024-01-15T22:00:00","polygonlabel":"TS","countryonland":"Miscellaneous (French) Indian Ocean Islands","affectedcountries":[{"iso2":"MU","iso3":"MUS","countryname":"Mauritius"},{"iso2":"MG","iso3":"MDG","countryname":"Madagascar"}],"severitydata":{"severity":158.33232,"severitytext":"Remnant Low (maximum wind speed of 158 km/h)","severityunit":"km/h"},"forecast":false,"Class":"Line_Line_16","iconeventlink":"https://www.gdacs.org/images/gdacs_icons/maps/Green/TC.png","iconitemlink":"https://www.gdacs.org/images/gdacs_icons/maps/Green/TC.png"}},{"type":"Feature","bbox":[53.41,-19.05,53.49,-18.39],"geometry":{"type":"LineString","coordinates":[[53.49,-18.39],[53.41,-19.05]]},"properties":{"eventtype":"TC","eventid":1001041,"episodeid":14,"eventname":"BELAL-24","glide":"","name":"Tropical Cyclone BELAL-24","description":"Tropical Cyclone BELAL-24","htmldescription":"Orange Tropical Cyclone BELAL-24 in Miscellaneous (French) Indian Ocean Islands, Mauritius, Madagascar from: 12 Jan 2024  to: 19 Jan 2024 .","icon":"https://www.gdacs.org/images/gdacs_icons/maps/Green/TC.png","iconoverall":"https://www.gdacs.org/images/gdacs_icons/maps/Orange/TC.png","url":{"geometry":"https://www.gdacs.org/gdacsapi/api/polygons/getgeometry?eventtype=TC&eventid=1001041&episodeid=14","report":"https://www.gdacs.org/report.aspx?eventid=1001041&episodeid=14&eventtype=TC","details":"https://www.gdacs.org/gdacsapi/api/events/geteventdata?eventtype=TC&eventid=1001041"},"alertlevel":"Orange","alertscore":2,"episodealertlevel":"Green","episodealertscore":1.0,"istemporary":"false","iscurrent":"false","country":"Miscellaneous (French) Indian Ocean Islands, Mauritius, Madagascar","fromdate":"2024-01-12T16:00:00","todate":"2024-01-19T04:00:00","datemodified":"2024-05-03T10:03:15","iso3":"REU","source":"RSMC","sourceid":"","polygondate":"2024-01-15T22:00:00","polygonlabel":"TS","countryonland":"Miscellaneous (French) Indian Ocean Islands","affectedcountries":[{"iso2":"MU","iso3":"MUS","countryname":"Mauritius"},{"iso2":"MG","iso3":"MDG","countryname":"Madagascar"}],"severitydata":{"severity":158.33232,"severitytext":"Remnant Low (maximum wind speed of 158 km/h)","severityunit":"km/h"},"forecast":false,"Class":"Line_Line_17","iconeventlink":"https://www.gdacs.org/images/gdacs_icons/maps/Green/TC.png","iconitemlink":"https://www.gdacs.org/images/gdacs_icons/maps/Green/TC.png"}},{"type":"Feature","bbox":[53.46,-19.69,53.51,-19.41],"geometry":{"type":"LineString","coordinates":[[53.51,-19.41],[53.46,-19.69]]},"properties":{"eventtype":"TC","eventid":1001041,"episodeid":14,"eventname":"BELAL-24","glide":"","name":"Tropical Cyclone BELAL-24","description":"Tropical Cyclone BELAL-24","htmldescription":"Orange Tropical Cyclone BELAL-24 in Miscellaneous (French) Indian Ocean Islands, Mauritius, Madagascar from: 12 Jan 2024  to: 19 Jan 2024 .","icon":"https://www.gdacs.org/images/gdacs_icons/maps/Green/TC.png","iconoverall":"https://www.gdacs.org/images/gdacs_icons/maps/Orange/TC.png","url":{"geometry":"https://www.gdacs.org/gdacsapi/api/polygons/getgeometry?eventtype=TC&eventid=1001041&episodeid=14","report":"https://www.gdacs.org/report.aspx?eventid=1001041&episodeid=14&eventtype=TC","details":"https://www.gdacs.org/gdacsapi/api/events/geteventdata?eventtype=TC&eventid=1001041"},"alertlevel":"Orange","alertscore":2,"episodealertlevel":"Green","episodealertscore":1.0,"istemporary":"false","iscurrent":"false","country":"Miscellaneous (French) Indian Ocean Islands, Mauritius, Madagascar","fromdate":"2024-01-12T16:00:00","todate":"2024-01-19T04:00:00","datemodified":"2024-05-03T10:03:15","iso3":"REU","source":"RSMC","sourceid":"","polygondate":"2024-01-15T22:00:00","polygonlabel":"TS","countryonland":"Miscellaneous (French) Indian Ocean Islands","affectedcountries":[{"iso2":"MU","iso3":"MUS","countryname":"Mauritius"},{"iso2":"MG","iso3":"MDG","countryname":"Madagascar"}],"severitydata":{"severity":158.33232,"severitytext":"Remnant Low (maximum wind speed of 158 km/h)","severityunit":"km/h"},"forecast":false,"Class":"Line_Line_18","iconeventlink":"https://www.gdacs.org/images/gdacs_icons/maps/Green/TC.png","iconitemlink":"https://www.gdacs.org/images/gdacs_icons/maps/Green/TC.png"}},{"type":"Feature","bbox":[53.58,-20.03,53.82,-19.69],"geometry":{"type":"LineString","coordinates":[[53.58,-19.69],[53.82,-20.03]]},"properties":{"eventtype":"TC","eventid":1001041,"episodeid":14,"eventname":"BELAL-24","glide":"","name":"Tropical Cyclone BELAL-24","description":"Tropical Cyclone BELAL-24","htmldescription":"Orange Tropical Cyclone BELAL-24 in Miscellaneous (French) Indian Ocean Islands, Mauritius, Madagascar from: 12 Jan 2024  to: 19 Jan 2024 .","icon":"https://www.gdacs.org/images/gdacs_icons/maps/Green/TC.png","iconoverall":"https://www.gdacs.org/images/gdacs_icons/maps/Orange/TC.png","url":{"geometry":"https://www.gdacs.org/gdacsapi/api/polygons/getgeometry?eventtype=TC&eventid=1001041&episodeid=14","report":"https://www.gdacs.org/report.aspx?eventid=1001041&episodeid=14&eventtype=TC","details":"https://www.gdacs.org/gdacsapi/api/events/geteventdata?eventtype=TC&eventid=1001041"},"alertlevel":"Orange","alertscore":2,"episodealertlevel":"Green","episodealertscore":1.0,"istemporary":"false","iscurrent":"false","country":"Miscellaneous (French) Indian Ocean Islands, Mauritius, Madagascar","fromdate":"2024-01-12T16:00:00","todate":"2024-01-19T04:00:00","datemodified":"2024-05-03T10:03:15","iso3":"REU","source":"RSMC","sourceid":"","polygondate":"2024-01-15T22:00:00","polygonlabel":"TS","countryonland":"Miscellaneous (French) Indian Ocean Islands","affectedcountries":[{"iso2":"MU","iso3":"MUS","countryname":"Mauritius"},{"iso2":"MG","iso3":"MDG","countryname":"Madagascar"}],"severitydata":{"severity":158.33232,"severitytext":"Remnant Low (maximum wind speed of 158 km/h)","severityunit":"km/h"},"forecast":false,"Class":"Line_Line_19","iconeventlink":"https://www.gdacs.org/images/gdacs_icons/maps/Green/TC.png","iconitemlink":"https://www.gdacs.org/images/gdacs_icons/maps/Green/TC.png"}},{"type":"Feature","bbox":[53.49,-18.39,53.75,-17.54],"geometry":{"type":"LineString","coordinates":[[53.75,-17.54],[53.49,-18.39]]},"properties":{"eventtype":"TC","eventid":1001041,"episodeid":14,"eventname":"BELAL-24","glide":"","name":"Tropical Cyclone BELAL-24","description":"Tropical Cyclone BELAL-24","htmldescription":"Orange Tropical Cyclone BELAL-24 in Miscellaneous (French) Indian Ocean Islands, Mauritius, Madagascar from: 12 Jan 2024  to: 19 Jan 2024 .","icon":"https://www.gdacs.org/images/gdacs_icons/maps/Green/TC.png","iconoverall":"https://www.gdacs.org/images/gdacs_icons/maps/Orange/TC.png","url":{"geometry":"https://www.gdacs.org/gdacsapi/api/polygons/getgeometry?eventtype=TC&eventid=1001041&episodeid=14","report":"https://www.gdacs.org/report.aspx?eventid=1001041&episodeid=14&eventtype=TC","details":"https://www.gdacs.org/gdacsapi/api/events/geteventdata?eventtype=TC&eventid=1001041"},"alertlevel":"Orange","alertscore":2,"episodealertlevel":"Green","episodealertscore":1.0,"istemporary":"false","iscurrent":"false","country":"Miscellaneous (French) Indian Ocean Islands, Mauritius, Madagascar","fromdate":"2024-01-12T16:00:00","todate":"2024-01-19T04:00:00","datemodified":"2024-05-03T10:03:15","iso3":"REU","source":"RSMC","sourceid":"","polygondate":"2024-01-15T22:00:00","polygonlabel":"TS","countryonland":"Miscellaneous (French) Indian Ocean Islands","affectedcountries":[{"iso2":"MU","iso3":"MUS","countryname":"Mauritius"},{"iso2":"MG","iso3":"MDG","countryname":"Madagascar"}],"severitydata":{"severity":158.33232,"severitytext":"Remnant Low (maximum wind speed of 158 km/h)","severityunit":"km/h"},"forecast":false,"Class":"Line_Line_20","iconeventlink":"https://www.gdacs.org/images/gdacs_icons/maps/Green/TC.png","iconitemlink":"https://www.gdacs.org/images/gdacs_icons/maps/Green/TC.png"}},{"type":"Feature","bbox":[53.82,-20.3,54.35,-20.03],"geometry":{"type":"LineString","coordinates":[[53.82,-20.03],[54.35,-20.3]]},"properties":{"eventtype":"TC","eventid":1001041,"episodeid":14,"eventname":"BELAL-24","glide":"","name":"Tropical Cyclone BELAL-24","description":"Tropical Cyclone BELAL-24","htmldescription":"Orange Tropical Cyclone BELAL-24 in Miscellaneous (French) Indian Ocean Islands, Mauritius, Madagascar from: 12 Jan 2024  to: 19 Jan 2024 .","icon":"https://www.gdacs.org/images/gdacs_icons/maps/Green/TC.png","iconoverall":"https://www.gdacs.org/images/gdacs_icons/maps/Orange/TC.png","url":{"geometry":"https://www.gdacs.org/gdacsapi/api/polygons/getgeometry?eventtype=TC&eventid=1001041&episodeid=14","report":"https://www.gdacs.org/report.aspx?eventid=1001041&episodeid=14&eventtype=TC","details":"https://www.gdacs.org/gdacsapi/api/events/geteventdata?eventtype=TC&eventid=1001041"},"alertlevel":"Orange","alertscore":2,"episodealertlevel":"Green","episodealertscore":1.0,"istemporary":"false","iscurrent":"false","country":"Miscellaneous (French) Indian Ocean Islands, Mauritius, Madagascar","fromdate":"2024-01-12T16:00:00","todate":"2024-01-19T04:00:00","datemodified":"2024-05-03T10:03:15","iso3":"REU","source":"RSMC","sourceid":"","polygondate":"2024-01-15T22:00:00","polygonlabel":"TS","countryonland":"Miscellaneous (French) Indian Ocean Islands","affectedcountries":[{"iso2":"MU","iso3":"MUS","countryname":"Mauritius"},{"iso2":"MG","iso3":"MDG","countryname":"Madagascar"}],"severitydata":{"severity":158.33232,"severitytext":"Remnant Low (maximum wind speed of 158 km/h)","severityunit":"km/h"},"forecast":false,"Class":"Line_Line_21","iconeventlink":"https://www.gdacs.org/images/gdacs_icons/maps/Green/TC.png","iconitemlink":"https://www.gdacs.org/images/gdacs_icons/maps/Green/TC.png"}},{"type":"Feature","bbox":[54.35,-20.77,55.36,-20.3],"geometry":{"type":"LineString","coordinates":[[54.35,-20.3],[55.36,-20.77]]},"properties":{"eventtype":"TC","eventid":1001041,"episodeid":14,"eventname":"BELAL-24","glide":"","name":"Tropical Cyclone BELAL-24","description":"Tropical Cyclone BELAL-24","htmldescription":"Orange Tropical Cyclone BELAL-24 in Miscellaneous (French) Indian Ocean Islands, Mauritius, Madagascar from: 12 Jan 2024  to: 19 Jan 2024 .","icon":"https://www.gdacs.org/images/gdacs_icons/maps/Green/TC.png","iconoverall":"https://www.gdacs.org/images/gdacs_icons/maps/Orange/TC.png","url":{"geometry":"https://www.gdacs.org/gdacsapi/api/polygons/getgeometry?eventtype=TC&eventid=1001041&episodeid=14","report":"https://www.gdacs.org/report.aspx?eventid=1001041&episodeid=14&eventtype=TC","details":"https://www.gdacs.org/gdacsapi/api/events/geteventdata?eventtype=TC&eventid=1001041"},"alertlevel":"Orange","alertscore":2,"episodealertlevel":"Green","episodealertscore":1.0,"istemporary":"false","iscurrent":"false","country":"Miscellaneous (French) Indian Ocean Islands, Mauritius, Madagascar","fromdate":"2024-01-12T16:00:00","todate":"2024-01-19T04:00:00","datemodified":"2024-05-03T10:03:15","iso3":"REU","source":"RSMC","sourceid":"","polygondate":"2024-01-15T22:00:00","polygonlabel":"TS","countryonland":"Miscellaneous (French) Indian Ocean Islands","affectedcountries":[{"iso2":"MU","iso3":"MUS","countryname":"Mauritius"},{"iso2":"MG","iso3":"MDG","countryname":"Madagascar"}],"severitydata":{"severity":158.33232,"severitytext":"Remnant Low (maximum wind speed of 158 km/h)","severityunit":"km/h"},"forecast":false,"Class":"Line_Line_22","iconeventlink":"https://www.gdacs.org/images/gdacs_icons/maps/Green/TC.png","iconitemlink":"https://www.gdacs.org/images/gdacs_icons/maps/Green/TC.png"}},{"type":"Feature","bbox":[55.36,-21.37,55.95,-20.77],"geometry":{"type":"LineString","coordinates":[[55.36,-20.77],[55.95,-21.37]]},"properties":{"eventtype":"TC","eventid":1001041,"episodeid":14,"eventname":"BELAL-24","glide":"","name":"Tropical Cyclone BELAL-24","description":"Tropical Cyclone BELAL-24","htmldescription":"Orange Tropical Cyclone BELAL-24 in Miscellaneous (French) Indian Ocean Islands, Mauritius, Madagascar from: 12 Jan 2024  to: 19 Jan 2024 .","icon":"https://www.gdacs.org/images/gdacs_icons/maps/Green/TC.png","iconoverall":"https://www.gdacs.org/images/gdacs_icons/maps/Orange/TC.png","url":{"geometry":"https://www.gdacs.org/gdacsapi/api/polygons/getgeometry?eventtype=TC&eventid=1001041&episodeid=14","report":"https://www.gdacs.org/report.aspx?eventid=1001041&episodeid=14&eventtype=TC","details":"https://www.gdacs.org/gdacsapi/api/events/geteventdata?eventtype=TC&eventid=1001041"},"alertlevel":"Orange","alertscore":2,"episodealertlevel":"Green","episodealertscore":1.0,"istemporary":"false","iscurrent":"false","country":"Miscellaneous (French) Indian Ocean Islands, Mauritius, Madagascar","fromdate":"2024-01-12T16:00:00","todate":"2024-01-19T04:00:00","datemodified":"2024-05-03T10:03:15","iso3":"REU","source":"RSMC","sourceid":"","polygondate":"2024-01-15T22:00:00","polygonlabel":"TS","countryonland":"Miscellaneous (French) Indian Ocean Islands","affectedcountries":[{"iso2":"MU","iso3":"MUS","countryname":"Mauritius"},{"iso2":"MG","iso3":"MDG","countryname":"Madagascar"}],"severitydata":{"severity":158.33232,"severitytext":"Remnant Low (maximum wind speed of 158 km/h)","severityunit":"km/h"},"forecast":false,"Class":"Line_Line_23","iconeventlink":"https://www.gdacs.org/images/gdacs_icons/maps/Green/TC.png","iconitemlink":"https://www.gdacs.org/images/gdacs_icons/maps/Green/TC.png"}},{"type":"Feature","bbox":[56.611,-25.617,65.9224,-17.943],"geometry":{"type":"Polygon","coordinates":[[[61.65,-25.617],[61.7942,-25.6147],[61.9382,-25.6077],[62.0819,-25.596],[62.2251,-25.5797],[62.3675,-25.5587],[62.5091,-25.5332],[62.6496,-25.503],[62.7889,-25.4684],[62.9268,-25.4292],[63.0632,-25.3856],[63.1979,-25.3376],[63.3306,-25.2853],[63.4613,-25.2287],[63.9609,-24.9985],[64.0696,-24.9472],[64.1762,-24.8925],[64.2807,-24.8343],[64.3829,-24.7728],[64.4828,-24.708],[64.5801,-24.64],[64.6748,-24.5689],[64.7668,-24.4948],[64.856,-24.4178],[64.9422,-24.3379],[65.0253,-24.2553],[65.1053,-24.1701],[65.182,-24.0823],[65.2554,-23.9921],[65.3253,-23.8995],[65.3917,-23.8048],[65.4545,-23.708],[65.5136,-23.6092],[65.5689,-23.5086],[65.6204,-23.4062],[65.6681,-23.3022],[65.7117,-23.1968],[65.7514,-23.09],[65.7871,-22.982],[65.8186,-22.8729],[65.846,-22.7628],[65.8693,-22.6519],[65.8884,-22.5404],[65.9032,-22.4283],[65.9139,-22.3157],[65.9202,-22.2029],[65.9224,-22.09],[65.9202,-21.9771],[65.9139,-21.8643],[65.9032,-21.7517],[65.8884,-21.6396],[65.8693,-21.5281],[65.846,-21.4172],[65.8186,-21.3071],[65.7871,-21.198],[65.7514,-21.09],[65.5797,-20.5943],[65.5328,-20.4677],[65.4811,-20.3426],[65.4247,-20.2194],[65.3638,-20.098],[65.2983,-19.9786],[65.2284,-19.8615],[65.1541,-19.7467],[65.0755,-19.6344],[64.9928,-19.5247],[64.906,-19.4177],[64.8153,-19.3136],[64.7206,-19.2125],[64.6223,-19.1146],[64.5203,-19.0199],[64.4148,-18.9286],[64.306,-18.8407],[64.1939,-18.7564],[64.0787,-18.6758],[63.9606,-18.599],[63.8396,-18.526],[63.716,-18.4571],[63.5898,-18.3921],[63.4613,-18.3313],[63.3306,-18.2747],[63.1979,-18.2224],[63.0632,-18.1744],[62.9268,-18.1308],[62.7889,-18.0916],[62.6496,-18.057],[62.5091,-18.0268],[62.3675,-18.0013],[62.2251,-17.9803],[62.0819,-17.964],[61.9382,-17.9523],[61.7942,-17.9453],[61.65,-17.943],[61.5058,-17.9453],[61.3618,-17.9523],[61.2181,-17.964],[61.0749,-17.9803],[60.9325,-18.0013],[60.7909,-18.0268],[60.6504,-18.057],[60.5111,-18.0916],[60.3732,-18.1308],[60.2368,-18.1744],[60.1021,-18.2224],[59.9694,-18.2747],[59.8387,-18.3313],[59.7102,-18.3921],[59.584,-18.4571],[59.4604,-18.526],[59.3394,-18.599],[59.2213,-18.6758],[59.1061,-18.7564],[58.994,-18.8407],[58.8852,-18.9286],[58.7797,-19.0199],[58.6777,-19.1146],[58.5794,-19.2125],[58.4847,-19.3136],[58.394,-19.4177],[58.3072,-19.5247],[58.2245,-19.6344],[58.1459,-19.7467],[58.0716,-19.8615],[58.0017,-19.9786],[57.9362,-20.098],[57.8753,-20.2194],[57.8189,-20.3426],[57.7672,-20.4677],[57.7203,-20.5943],[57.6781,-20.7224],[57.6408,-20.8517],[57.6083,-20.9822],[57.5808,-21.1137],[57.5583,-21.246],[57.5407,-21.3789],[57.5281,-21.5123],[57.526,-21.5501],[56.9359,-21.4255],[56.9267,-21.4238],[56.9174,-21.4224],[56.9081,-21.4214],[56.8988,-21.4206],[56.8894,-21.4202],[56.88,-21.42],[56.8706,-21.4202],[56.8612,-21.4206],[56.8519,-21.4214],[56.8426,-21.4224],[56.8333,-21.4238],[56.8241,-21.4255],[56.8149,-21.4274],[56.8059,-21.4297],[56.7969,-21.4322],[56.788,-21.4351],[56.7792,-21.4382],[56.7706,-21.4416],[56.7621,-21.4453],[56.7537,-21.4493],[56.7455,-21.4535],[56.7374,-21.458],[56.7296,-21.4627],[56.7219,-21.4677],[56.7144,-21.473],[56.7071,-21.4785],[56.7,-21.4842],[56.6931,-21.4902],[56.6865,-21.4963],[56.6801,-21.5027],[56.6739,-21.5093],[56.668,-21.5161],[56.6624,-21.5231],[56.657,-21.5302],[56.6519,-21.5375],[56.647,-21.545],[56.6425,-21.5526],[56.6382,-21.5604],[56.6342,-21.5683],[56.6306,-21.5763],[56.6272,-21.5845],[56.6242,-21.5927],[56.6214,-21.6011],[56.619,-21.6095],[56.6169,-21.618],[56.6151,-21.6266],[56.6136,-21.6352],[56.6125,-21.6439],[56.6116,-21.6526],[56.6112,-21.6613],[56.611,-21.67],[56.6112,-21.6787],[56.6116,-21.6874],[56.6125,-21.6961],[56.6136,-21.7048],[56.6151,-21.7134],[56.6169,-21.722],[56.619,-21.7305],[56.6214,-21.7389],[56.6242,-21.7473],[56.6272,-21.7555],[56.6306,-21.7637],[56.6342,-21.7717],[56.6382,-21.7796],[56.6425,-21.7874],[56.647,-21.795],[56.6519,-21.8025],[56.657,-21.8098],[56.6624,-21.8169],[56.668,-21.8239],[56.6739,-21.8307],[56.6801,-21.8373],[56.6865,-21.8437],[56.6931,-21.8498],[56.7,-21.8558],[57.5673,-22.6056],[57.5825,-22.6187],[57.5981,-22.6313],[57.6142,-22.6434],[57.6268,-22.6522],[57.6408,-22.7083],[57.6781,-22.8376],[57.7203,-22.9657],[57.7672,-23.0923],[57.8189,-23.2174],[57.8753,-23.3406],[57.9362,-23.462],[58.0017,-23.5814],[58.0716,-23.6985],[58.1459,-23.8133],[58.2245,-23.9256],[58.3072,-24.0353],[58.394,-24.1423],[58.4847,-24.2464],[58.5794,-24.3475],[58.6777,-24.4454],[58.7797,-24.5401],[58.8852,-24.6314],[58.994,-24.7193],[59.1061,-24.8036],[59.2213,-24.8842],[59.3394,-24.961],[59.4604,-25.034],[59.584,-25.1029],[59.7102,-25.1679],[59.8387,-25.2287],[59.9694,-25.2853],[60.1021,-25.3376],[60.2368,-25.3856],[60.3732,-25.4292],[60.5111,-25.4684],[60.6504,-25.503],[60.7909,-25.5332],[60.9325,-25.5587],[61.0749,-25.5797],[61.2181,-25.596],[61.3618,-25.6077],[61.5058,-25.6147],[61.65,-25.617]]]},"properties":{"eventtype":"TC","eventid":1001041,"episodeid":14,"eventname":"BELAL-24","glide":"","name":"Tropical Cyclone BELAL-24","description":"Tropical Cyclone BELAL-24","htmldescription":"Orange Tropical Cyclone BELAL-24 in Miscellaneous (French) Indian Ocean Islands, Mauritius, Madagascar from: 12 Jan 2024  to: 19 Jan 2024 .","icon":"https://www.gdacs.org/images/gdacs_icons/maps/Green/TC.png","iconoverall":"https://www.gdacs.org/images/gdacs_icons/maps/Orange/TC.png","url":{"geometry":"https://www.gdacs.org/gdacsapi/api/polygons/getgeometry?eventtype=TC&eventid=1001041&episodeid=14","report":"https://www.gdacs.org/report.aspx?eventid=1001041&episodeid=14&eventtype=TC","details":"https://www.gdacs.org/gdacsapi/api/events/geteventdata?eventtype=TC&eventid=1001041"},"alertlevel":"Orange","alertscore":2,"episodealertlevel":"Green","episodealertscore":1.0,"istemporary":"false","iscurrent":"false","country":"Miscellaneous (French) Indian Ocean Islands, Mauritius, Madagascar","fromdate":"2024-01-12T16:00:00","todate":"2024-01-19T04:00:00","datemodified":"2024-05-03T10:03:15","iso3":"REU","source":"RSMC","sourceid":"","polygondate":"2024-01-15T22:00:00","polygonlabel":"Uncertainty Cones","countryonland":"Miscellaneous (French) Indian Ocean Islands","affectedcountries":[{"iso2":"MU","iso3":"MUS","countryname":"Mauritius"},{"iso2":"MG","iso3":"MDG","countryname":"Madagascar"}],"severitydata":{"severity":158.33232,"severitytext":"Remnant Low (maximum wind speed of 158 km/h)","severityunit":"km/h"},"Class":"Poly_Cones","iconeventlink":"https://www.gdacs.org/images/gdacs_icons/maps/Green/TC.png","iconitemlink":"https://www.gdacs.org/images/gdacs_icons/maps/Green/TC.png"}}],"bbox":null}